产品代码,产品简称,产品类型,风险等级,定期定额起点（单位：元）,认申购费率,买费率,赎回费率,卖费率,产品管理人及客服热线,,
,,,,,,,,,,,
050001,博时价值增长混合,混合基金,中高风险,100,5万以下,1.80%,1年以内,0.80%,"博时基金管理公司
95105568",,
,,,,,5万(含)-1000万,1.50%,1年(含)-2年,0.40%,,,
,,,,,1000万及以上,1000元,2年-3年,0.20%,,,
,,,,,,,3年及以上,0.00%,,,
051001,博时价值增长混合后端,混合基金,中高风险,100,1年以内,1.80%,1年以内,0.80%,,,
,,,,,1年(含)-3年,1.50%,1年(含)-2年,0.40%,,,
,,,,,3年(含)-5年,1.00%,2年-3年,0.20%,,,
,,,,,5年(含)-8年,0.50%,3年及以上,0.00%,,,
,,,,,8年及以上,0.00%,,,,,
050002,博时沪深300指数,指数基金,高风险,100 ,1000万以下,1.20%,2年以内,0.50%,,,
,,,,,1000万及以上,1000元,2年(含)-3年,0.25%,,,
,,,,,,,3年及以上,0.00%,,,
050003,博时现金收益货币,货币基金,中低风险,100 ,,0.00%,,0.00%,,,
050004,博时精选混合,混合型基金,中高风险,100,50万以下,1.50%,2年以内,0.50%,,,
,,,,,50万(含)-500万,1.20%,2年(含)-3年,0.25%,,,
,,,,,500万(含)-1000万,0.60%,3年及以上,0.00%,,,
,,,,,1000万及以上,1000元,,,,,
050106,博时稳定价值债券A,债券型基金,中低风险,100,100万以下,0.80%,1年以内,0.10%,,,
,,,,,100万(含)-300万,0.50%,1年(含)-2年,0.05%,,,
,,,,,300万(含)-500万,0.30%,2年及以上,0.00%,,,
,,,,,500万及以上,1000元,,,,,
051106,博时稳定价值债券A后端,债券型基金,中低风险,100,1年以内,1.00%,1年以内,0.10%,,,
,,,,,1年(含)-2年,0.70%,1年(含)-2年,0.05%,,,
,,,,,2年(含)-3年,0.50%,2年及以上,0.00%,,,
,,,,,3年(含)-5年,0.30%,,,,,
,,,,,5年及以上,0.00%,,,,,
050006,博时稳定价值债券B,债券型基金,中低风险,100 ,,0.00%,,0.00%,,,
050007,博时平衡配置混合,混合基金,中风险,100 ,100万以下,1.50%,2年以内,0.50%,,,
,,,,,100万(含)-500万,1.20%,2年(含)-3年,0.25%,"博时基金管理公司
95105568",,
,,,,,500万(含)-1000万,0.60%,3年及以上,0.00%,,,
,,,,,1000万及以上,1000元,,,,,
050008,博时第三产业混合,混合型基金,中高风险,100,100万以下,1.50%,1年以内,0.50%,,,
,,,,,100万(含)-500万,1.00%,1年(含)-2年,0.25%,,,
,,,,,500万及以上,1000元,2年及以上,0.00%,,,
050009,博时新兴成长混合,混合型基金,中风险,100,50万以下,1.50%,1年以内,0.50%,,,
,,,,,50万(含)-100万,1.00%,1年(含)-2年,0.25%,,,
,,,,,100万(含)-500万,0.60%,2年及以上,0.00%,,,
,,,,,500万及以上,1000元,,,,,
050010,博时特许价值混合,混合型基金,高风险,100,50万以下,1.50%,2年以内,0.50%,,,
,,,,,50万(含)-100万,1.00%,2年(含)-3年,0.25%,,,
,,,,,100万(含)-500万,0.60%,3年及以上,0.00%,,,
,,,,,500万及以上,1000元,,,,,
051010,博时特许价值股票后端,混合型基金,高风险,100,1年以内,1.60%,2年以内,0.50%,,,
,,,,,1年(含)-2年,1.30%,2年(含)-3年,0.25%,,,
,,,,,2年(含)-3年,1.00%,3年及以上,0.00%,,,
,,,,,3年(含)-4年,0.80%,,,,,
,,,,,4年(含)-5年,0.50%,,,,,
,,,,,8年及以上,0.00%,,,,,
050011,博时信用债券A,债券型基金,中风险,暂无,100万以下,0.80%,1年以内,0.10%,,,
,,,,,100万(含)-300万,0.50%,1年(含)-2年,0.05%,,,
,,,,,300万(含)-500万,0.30%,2年及以上,0.00%,,,
,,,,,500万及以上,1000元,,,,,
051011,博时信用债券B,债券型基金,中风险,暂无,1年以内,1.00%,1年以内,0.10%,,,
,,,,,1年(含)-2年,0.70%,1年(含)-2年,0.05%,,,
,,,,,2年(含)-3年,0.50%,2年及以上,0.00%,,,
,,,,,3年(含)-5年,0.30%,,,,,
,,,,,5年及以上,0.00%,,,"博时基金管理公司
95105568",,
050111,博时信用债券C,债券型基金,中风险,暂无,,0.00%,,0.00%,,,
050012,博时策略灵活配置混合,混合基金,中高风险,暂无,50万以下,1.50%,2年以内,0.50%,,,
,,,,,50万(含)-100万,1.00%,2年(含)-3年,0.25%,,,
,,,,,100万(含)-500万,0.60%,3年及以上,0.00%,,,
,,,,,500万及以上,1000元,,,,,
050013,博时超级大盘ETF联接,股票型基金,中高风险,暂无,100万以下,1.20%,2年以内,0.50%,,,
,,,,,100万(含)-500万,0.80%,2年(含)-3年,0.25%,,,
,,,,,500万(含)-1000万,0.30%,3年及以上,0.00%,,,
,,,,,1000万及以上,1000元 ,,,,,
050014,博时创业成长混合,混合型基金,中高风险,暂无,100万以下,1.50%,7日以内,1.50%,,,
,,,,,100万(含)-500万,0.60%,7日(含)-30日,0.75%,,,
,,,,,500万及以上,1000元,30日(含)-1年,0.50%,,,
,,,,,,,1年(含)-2年,0.25%,,,
,,,,,,,2年及以上,0.00%,,,
051014,博时创业成长股票后端,股票型基金,中高风险,暂无,1年以内,1.60%,7日以内,1.50%,,,
,,,,,1年(含)-2年,0.90%,7日(含)-30日,0.75%,,,
,,,,,2年(含)-3年,0.60%,30日(含)-1年,0.50%,,,
,,,,,3年及以上,0.00%,1年(含)-2年,0.25%,,,
,,,,,,,2年及以上,0.00%,,,
050015,博时大中华亚太精选股票(QDII),股票型基金,中高风险,100,100万以下,1.60%,1年以内,0.50%,,,
,,,,,100万(含)-500万,1.00%,1年(含)-2年,0.25%,,,
,,,,,500万(含)-1000万,0.80%,2年及以上,0.00%,,,
,,,,,1000万及以上,1000元 ,,,,,
050016,博时宏观回报债券A类,债券型基金,中风险,100,100万以下,0.80%,1年以内,0.10%,,,
,,,,,100万(含)-300万,0.50%,1年(含)-3年,0.05%,,,
,,,,,300万(含)-500万,0.30%,3年及以上,0.00%,,,
,,,,,500万及以上,1000元 ,,,,,
051016,博时宏观回报债券B类,债券型基金,中风险,100,1年以内,1.00%,1年以内,0.10%,"博时基金管理公司
95105568",,
,,,,,1年(含)-2年,0.70%,1年(含)-3年,0.05%,,,
,,,,,2年(含)-3年,0.30%,3年及以上,0.00%,,,
,,,,,3年及以上,0.00%,,,,,
050116,博时宏观回报债券C类,债券型基金,中风险,100,,0.00%,30天以内,0.75%,,,
,,,,,,,30天（含）及以上,0.00%,,,
050018,博时行业轮动混合,混合型基金,中高风险,暂无,50万以下,1.20%,2年以内,0.50%,,,
,,,,,50万(含)-100万,0.80%,2年(含)-3年,0.25%,,,
,,,,,100万(含)-500万,0.50%,3年及以上,0.00%,,,
,,,,,500万及以上,1000元 ,,,,,
050019,博时转债增强债券A类,债券型基金,中风险,暂无,100万以下,0.60%,1年以内,0.10%,,,
,,,,,100万(含)-300万,0.40%,1年(含)-2年,0.05%,,,
,,,,,300万(含)-500万,0.20%,2年及以上,0.00%,,,
,,,,,500万及以上,1000元 ,,,,,
050025,博时标普500ETF联接,QDII基金,中风险,100,50万以下,1.20%,2年以内,0.50%,,,
,,,,,50万(含)-100万,0.80%,2年(含)-3年,0.25%,,,
,,,,,100万(含)-500万,0.30%,3年及以上,0.00%,,,
,,,,,500万及以上,1000元 ,,,,,
050026,博时医疗保健混合,混合型基金,中风险,100,50万以下,1.50%,2年以内,0.50%,,,
,,,,,50万(含)-100万,1.00%,2年(含)-3年,0.25%,,,
,,,,,100万(含)-500万,0.60%,3年及以上,0.00%,,,
,,,,,500万及以上,1000元 ,,,,,
050030,博时亚洲票息收益债券（QDII）,QDII基金,中高风险,100,100万以下,0.80%,1年以内,1.20%,,,
,,,,,100万(含)-300万,0.50%,1年(含)-2年,0.80%,,,
,,,,,300万(含)-500万,0.30%,2年(含)-3年,0.50%,,,
,,,,,500万及以上,1000元 ,3年及以上,0.00%,,,
050119,博时转债增强债券C类,债券型基金,中风险,暂无,,0.00%,30天以内,0.75%,,,
,,,,,,,30天（含）及以上,0.00%,,,
050201,博时价值增长贰号混合,混合基金,中高风险,100,100万以下,2.00%,1年以内,0.80%,"博时基金管理公司
95105568",,
,,,,,100万(含)-500万,1.60%,1年(含)-2年,0.40%,,,
,,,,,500万(含)-1000万,1.20%,2年(含)-3年,0.20%,,,
,,,,,1000万及以上,1000元,3年及以上,0.00%,,,
051201,博时价值增长贰号混合后端,混合基金,中高风险,100,1年以内,2.00%,1年以内,0.80%,,,
,,,,,1年(含)-2年,1.60%,1年(含)-2年,0.40%,,,
,,,,,2年(含)-3年,1.20%,2年(含)-3年,0.20%,,,
,,,,,3年(含)-5年,0.60%,3年及以上,0.00%,,,
,,,,,5年及以上,0.00%,,,,,
160505,博时主题行业混合(LOF),混合型基金,中高风险,100,50万以下,1.50%,2年以内,0.50%,,,
,,,,,50万(含)-500万,1.20%,2年(含)-3年,0.25%,,,
,,,,,500万(含)-1000万,0.60%,3年及以上,0.00%,,,
,,,,,1000万及以上,1000元,,,,,
160512,博时卓越品牌混合（LOF）,混合型基金,中高风险,100,100万以下,1.50%,2年以内,0.50%,,,
,,,,,100万(含)-500万,1.00%,2年(含)-3年,0.25%,,,
,,,,,500万(含)-1000万,0.60%,3年及以上,0.00%,,,
,,,,,1000万及以上,1000元,,,,,
160514,博时裕祥分级A,债券型基金,中低风险,暂无,,0.00%,,0.00%,,,
000178,博时混合,混合基金,中风险,100,50万以下,1.50%,2年以内,0.50%,,,
,,,,,50万(含)-100万,1.00%,2年(含)-3年,0.25%,,,
,,,,,100万(含)-500万,0.60%,3年及以上,0.00%,,,
,,,,,500万及以上,1000元,,,,,
000219,博时裕益混合,混合基金,中风险,100,50万以下,1.50%,2年以内,0.50%,,,
,,,,,50万(含)-100万,1.00%,2年(含)-3年,0.25%,,,
,,,,,100万(含)-500万,0.60%,3年及以上,0.00%,,,
,,,,,500万及以上,1000元,,,,,
000264,博时内需增长混合,混合基金,中风险,100,100万以下,1.50%,2年以内,0.50%,,,
,,,,,100万(含)-500万,1.00%,2年(含)-3年,0.25%,,,
,,,,,500万(含)-1000万,0.60%,3年及以上,0.00%,"博时基金管理公司
95105568",,
,,,,,1000万及以上,1000元,,,,,
050020,博时抗通胀增强回报（QDII）,QDII基金,高风险,100,50万以下,1.50%,1年以内,0.50%,,,
,,,,,50万(含)-100万,1.00%,1年(含)-2年,0.25%,,,
,,,,,100万(含)-500万,0.60%,2年及以上,0.00%,,,
,,,,,500万及以上,1000元,,,,,
050021,博时深证基本面200ETF联接,股票型基金,高风险,100,100万以下,1.20%,2年以内,0.50%,,,
,,,,,100万(含)-500万,0.80%,2年(含)-3年,0.25%,,,
,,,,,500万(含)-1000万,0.30%,3年及以上,0.00%,,,
,,,,,1000万及以上,1000元,,,,,
050022,博时回报混合,混合基金,中高风险,100,50万以下,1.50%,2年以内,0.50%,,,
,,,,,50万(含)-100万,1.00%,2年(含)-3年,0.25%,,,
,,,,,100万(含)-500万,0.60%,3年及以上,0.00%,,,
,,,,,500万及以上,1000元,,,,,
050023,博时天颐债券A,债券型基金,中风险,100,100万以下,0.80%,29日内,0.75%,,,
,,,,,100万(含)-500万,0.40%,30日(含)-64日,0.10%,,,
,,,,,500万(含)-1000万,0.10%,1年(含)-2年,0.05%,,,
,,,,,1000万及以上,1000元,2年及以上,0.00%,,,
000929,博时黄金D类场外,股票型基金,高风险,暂无,无限制,0.05%,无限制,0.05%,,,
,,,,,,,,,,,
050123,博时天颐C,债券型基金,中风险,100,,0.00%,30天以内,0.75%,,,
,,,,,,,30天（含）及以上,0.00%,,,
050024,博时上证自然资源ETF联接,股票型基金,高风险,100,100万以下,1.20%,2年以内,0.50%,,,
,,,,,100万(含)-500万,0.80%,2年(含)-3年,0.25%,,,
,,,,,500万(含)-1000万,0.30%,3年及以上,0.00%,,,
,,,,,1000万及以上,1000元,,,,,
090001,大成价值增长混合,混合基金,高风险,100,50万以下,1.50%,,0.25%,"大成基金管理公司
4008885558",,
,,,,,50万(含)-200万,1.20%,,,,,
,,,,,200万(含)-500万,0.60%,,,,,
,,,,,500万及以上,1000元,,,,,
091001,大成价值增长混合后端,混合基金,高风险,100,1年以内,2.00%,,0.25%,,,
,,,,,1年(含)-2年,1.50%,,,,,
,,,,,2年(含)-3年,1.00%,,,,,
,,,,,3年(含)-5年,0.50%,,,,,
,,,,,5年及以上,0.00%,,,,,
090002,大成债券,债券型基金,中低风险,100,50万以下,0.80%,,0.25%,,,
,,,,,50万(含)-200万,0.50%,,,,,
,,,,,200万(含)-500万,0.30%,,,,,
,,,,,500万及以上,1000元,,,,,
091002,大成债券后端,债券型基金,中低风险,100,1年以内,1.00%,,0.25%,,,
,,,,,1年(含)-3年,0.60%,,,,,
,,,,,3年(含)-5年,0.40%,,,,,
,,,,,5年及以上,0.00%,,,,,
092002,大成债券C,债券型基金,中低风险,100 ,,0.00%,,0.00%,,,
090003,大成蓝筹稳健混合,混合基金,高风险,100,50万以下,1.50%,1年以内,0.50%,,,
,,,,,50万(含)-200万,1.00%,1年及以上,0.25%,,,
,,,,,200万(含)-500万,0.60%,,,,,
,,,,,500万及以上,1000元,,,,,
091003,大成蓝筹稳健混合后端,混合基金,高风险,100,1年以内,2.00%,1年以内,0.50%,,,
,,,,,1年(含)-2年,1.50%,1年及以上,0.25%,,,
,,,,,2年(含)-3年,1.00%,,,,,
,,,,,3年(含)-5年,0.50%,,,,,
,,,,,5年及以上,0.00%,,,,,
090004,大成精选增值混合,混合基金,高风险,100,50万以下,1.50%,2年以内,0.50%,,,
,,,,,50万(含)-200万,1.00%,2年(含)-3年,0.25%,,,
,,,,,200万(含)-500万,0.60%,3年及以上,0.00%,,,
,,,,,500万及以上,1000元,,,,,
090005,大成货币A,货币基金,低风险,100 ,,0.00%,,0.00%,,,
091005,大成货币B,货币基金,低风险,100 ,,0.00%,,0.00%,"大成基金管理公司
4008885558",,
090006,大成2020生命周期混合,混合基金,高风险,100,50万以下,1.50%,,0.30%,,,
,,,,,50万(含)-200万,1.20%,,,,,
,,,,,200万(含)-500万,0.80%,,,,,
,,,,,500万及以上,1000元,,,,,
091006,大成2020生命周期混合后端,混合基金,高风险,100,1年以内,1.80%,,0.30%,,,
,,,,,1年(含)-2年,1.20%,,,,,
,,,,,2年(含)-3年,0.80%,,,,,
,,,,,3年(含)-5年,0.40%,,,,,
,,,,,5年及以上,0.00%,,,,,
090007,大成策略回报股票,股票型基金,中高风险,100,50万以下,1.50%,1年以内,0.50%,,,
,,,,,50万(含)-200万,1.00%,1年(含)-2年,0.25%,,,
,,,,,200万(含)-500万,0.60%,2年及以上,0.00%,,,
,,,,,500万及以上,1000元,,,,,
090008,大成强化收益债券,债券型基金,中风险,100,100万以下,0.80%,1年以内,0.10%,,,
,,,,,100万(含)-300万,0.50%,1年(含)-2年,0.05%,,,
,,,,,300万(含)-500万,0.30%,2年及以上,0.00%,,,
,,,,,500万及以上,1000元,,,,,
091008,大成强化收益债券后端,债券型基金,中风险,100,1年以内,1.00%,1年以内,0.10%,,,
,,,,,1年(含)-3年,0.60%,1年(含)-2年,0.05%,,,
,,,,,3年(含)-5年,0.40%,2年及以上,0.00%,,,
,,,,,5年及以上,0.00%,,,,,
090009,大成行业轮动股票,股票型基金,高风险,100,50万以下,1.50%,1年以内,0.50%,,,
,,,,,50万(含)-200万,1.00%,1年(含)-2年,0.25%,,,
,,,,,200万(含)-500万,0.60%,2年及以上,0.00%,,,
,,,,,500万及以上,1000元,,,,,
090010,大成中证红利指数,指数基金,中高风险,暂无,50万以下,1.20%,1年以内,0.50%,,,
,,,,,50万(含)-200万,0.80%,1年(含)-2年,0.15%,,,
,,,,,200万(含)-500万,0.50%,2年及以上,0.00%,"大成基金管理公司
4008885558",,
,,,,,500万及以上,1000元,,,,,
090012,大成深证40ETF联接,股票型基金,中高风险,暂无,50万以下,1.20%,1年以内,0.50%,,,
,,,,,50万(含)-200万,0.80%,1年(含)-2年,0.25%,,,
,,,,,200万(含)-500万,0.50%,2年及以上,0.00%,,,
,,,,,500万及以上,1000元,,,,,
090013,大成保本混合,混合基金,中风险,100,100万以下,1.20%,1年以内,2.00%,,,
,,,,,100万(含)-500万,1.00%,1年(含)-2年,1.60%,,,
,,,,,500万及以上,1000元,2年(含)-3年,1.20%,,,
,,,,,,,3年及以上,0.00%,,,
160910,大成创新成长混合,混合基金,中高风险,100,50万以下,1.50%,1年以内,0.50%,,,
,,,,,50万(含)-200万,1.00%,1年(含)-2年,0.25%,,,
,,,,,200万(含)-500万,0.60%,2年及以上,0.00%,,,
,,,,,500万及以上,1000元,,,,,
519017,大成积极成长股票,股票型基金,高风险,100,50万以下,1.50%,1年以内,0.50%,,,
,,,,,50万(含)-200万,1.00%,1年(含)-2年,0.20%,,,
,,,,,200万(含)-500万,0.60%,2年及以上,0.00%,,,
,,,,,500万及以上,1000元,,,,,
519019,大成景阳领先股票,股票型基金,高风险,100,50万以下,1.50%,1年以内,0.50%,,,
,,,,,50万(含)-200万,1.00%,1年(含)-2年,0.25%,,,
,,,,,200万(含)-500万,0.60%,2年及以上,0.00%,,,
,,,,,500万及以上,1000元,,,,,
519300,大成沪深300指数,指数基金,高风险,100,50万以下,1.20%,1年以内,0.50%,,,
,,,,,50万(含)-200万,1.00%,1年(含)-2年,0.15%,,,
,,,,,200万(含)-500万,0.50%,2年及以上,0.00%,,,
,,,,,500万及以上,1000元,,,,,
519301,大成沪深300指数后端,指数基金,高风险,100,1年以内,1.20%,1年以内,0.50%,,,
,,,,,1年(含)-2年,0.80%,1年(含)-2年,0.15%,"大成基金管理公司
4008885558",,
,,,,,2年(含)-3年,0.40%,2年及以上,0.00%,,,
,,,,,3年及以上,0.00%,,,,,
096001,大成标普500,股票型基金,中高风险,100 ,100万以下,1.50%,1年以内,0.50%,,,
,,,,,100万(含)-500万,1.00%,1年(含)-2年,0.25%,,,
,,,,,500万及以上,1000元,2年及以上,0.00%,,,
090011,大成核心双动力,股票型基金,中高风险,100,100万以下,1.50%,1年以内,0.50%,,,
,,,,,100万(含)-500万,1.00%,1年(含)-2年,0.25%,,,
,,,,,500万及以上,1000元,2年及以上,0.00%,,,
090015,大成内需增长,股票型基金,高风险,100,50万以下,1.50%,1年以内,0.50%,,,
,,,,,50万(含)-200万,1.00%,1年(含)-2年,0.25%,,,
,,,,,200万(含)-500万,0.60%,2年及以上,0.00%,,,
,,,,,500万及以上,1000元,,,,,
090016,大成中证内地消费主题,股票型基金,中高风险,100,100万以下,1.20%,1年以内,0.50%,,,
,,,,,100万(含)-300万,0.80%,1年(含)-2年,0.25%,,,
,,,,,300万(含)-500万,0.50%,2年及以上,0.00%,,,
,,,,,500万及以上,1000元,,,,,
090017,大成可转债,债券型基金,中风险,100,100万以下,0.80%,1年以内,0.10%,,,
,,,,,100万(含)-300万,0.50%,1年(含)-2年,0.05%,,,
,,,,,300万(含)-500万,0.30%,2年及以上,0.00%,,,
,,,,,500万及以上,1000元,,,,,
090018,大成新锐产业,股票型基金,中高风险,100,100万以下,1.50%,1年以内,0.50%,,,
,,,,,100万(含)-300万,1.00%,1年(含)-2年,0.25%,,,
,,,,,300万(含)-500万,0.60%,2年及以上,0.00%,,,
,,,,,500万及以上,1000元,,,,,
090019,大成景恒保本混合,混合基金,中风险,100,100万以下,1.20%,1年以内,2.00%,,,
,,,,,100万(含)-500万,1.00%,1年(含)-2年,1.60%,,,
,,,,,500万及以上,1000元,2年(含)-3年,1.20%,,,
,,,,,,,3年及以上,0.00%,,,
000020,景顺品质投资,股票型基金,中风险,100,100万以下,1.50%,1年以内,0.50%,"景顺长城基金管理公司
4008888606",,
,,,,,100万(含)-500万,1.00%,1年(含)-2年,0.25%,,,
,,,,,500万(含)-1000万,0.30%,2年及以上,0.00%,,,
,,,,,1000万及以上,1000元,,,,,
000242,景顺策略精选,混合基金,中高风险,100,50万以下,1.50%,1年以内,0.50%,,,
,,,,,50万(含)-100万,1.00%,1年(含)-2年,0.25%,,,
,,,,,100万(含)-500万,0.30%,2年及以上,0.00%,,,
,,,,,500万及以上,1000元,,,,,
260101,景顺长城优选股票,混合型基金,高风险,100,50万以下,1.50%,1年以内,0.40%,,,
,,,,,50万(含)-100万,1.20%,1年(含)-2年,0.25%,,,
,,,,,100万(含)-200万,1.00%,2年及以上,0.00%,,,
,,,,,200万(含)-500万,0.60%,,,,,
,,,,,500万及以上,500元,,,,,
260102,景顺长城货币A,货币基金,中低风险,100 ,,0.00%,,0.00%,,,
260202,景顺长城货币B,货币基金,中低风险,暂无,,0.00%,,0.00%,,,
260103,景顺长城动力平衡混合,混合基金,高风险,100,50万以下,1.50%,1年以内,0.40%,,,
,,,,,50万(含)-100万,1.20%,1年(含)-2年,0.25%,,,
,,,,,100万(含)-200万,1.00%,2年及以上,0.00%,,,
,,,,,200万(含)-500万,0.60%,,,,,
,,,,,500万及以上,500元,,,,,
260104,景顺长城内需增长股票,混合型基金,高风险,100,100万以下,1.50%,1年以内,0.50%,,,
,,,,,100万(含)-500万,1.00%,1年(含)-2年,0.25%,,,
,,,,,500万(含)-1000万,0.60%,2年及以上,0.00%,,,
,,,,,1000万及以上,1000元,,,,,
260108,景顺长城新兴成长股票,混合型基金,高风险,100,100万以下,1.50%,1年以内,0.50%,,,
,,,,,100万(含)-500万,1.20%,1年(含)-2年,0.25%,,,
,,,,,500万(含)-1000万,1.00%,2年及以上,0.00%,,,
,,,,,1000万及以上,1000元,,,"景顺长城基金管理公司
4008888606",,
260109,景顺长城内需贰号股票,股票型基金,高风险,100,100万以下,1.50%,1年以内,0.50%,,,
,,,,,100万(含)-500万,1.20%,1年(含)-2年,0.25%,,,
,,,,,500万(含)-1000万,0.60%,2年及以上,0.00%,,,
,,,,,1000万及以上,1000元,,,,,
260110,景顺长城精选蓝筹股票,混合型基金,中高风险,100,50万以下,1.50%,1年以内,0.50%,,,
,,,,,50万(含)-500万,1.20%,1年(含)-2年,0.25%,,,
,,,,,500万(含)-1000万,0.60%,2年及以上,0.00%,,,
,,,,,1000万及以上,1000元,,,,,
260111,景顺长城公司治理,混合型基金,高风险,暂无,100万以下,1.50%,1年以内,0.50%,,,
,,,,,100万(含)-500万,1.20%,1年(含)-2年,0.25%,,,
,,,,,500万(含)-1000万,0.60%,2年及以上,0.00%,,,
,,,,,1000万及以上,1000元,,,,,
260112,景顺长城能源基建股票,混合型基金,高风险,暂无,50万以下,1.50%,1年以内,0.50%,,,
,,,,,50万(含)-500万,1.20%,1年(含)-2年,0.25%,,,
,,,,,500万(含)-1000万,0.90%,2年及以上,0.00%,,,
,,,,,1000万及以上,1000元,,,,,
260115,景顺长城中小盘,混合型基金,中高风险,暂无,100万以下,1.50%,1年以内,0.50%,,,
,,,,,100万(含)-500万,1.00%,1年(含)-2年,0.25%,,,
,,,,,500万及以上,1000元,2年及以上,0.00%,,,
260116,景顺长城核心竞争力,混合型基金,中高风险,100,100万以下,1.50%,1年以内,0.50%,,,
,,,,,100万(含)-500万,1.00%,1年(含)-2年,0.25%,,,
,,,,,500万(含)-1000万,0.30%,2年及以上,0.00%,,,
,,,,,1000万及以上,1000元,,,,,
260117,景顺支柱产业,股票型基金,中风险,100,100万以下,1.50%,1年以内,0.50%,,,
,,,,,100万(含)-500万,1.00%,1年(含)-2年,0.25%,,,
,,,,,500万(含)-1000万,0.30%,2年及以上,0.00%,,,
,,,,,1000万及以上,1000元,,,,,
261001,景顺长城稳定收益A,债券型基金,中风险,100,100万以下,0.80%,60天以内,0.30%,"景顺长城基金管理公司
4008888606",,
,,,,,100万(含)-500万,0.40%,60天以上 (含),0.00%,,,
,,,,,500万(含)-1000万,0.10%,,,,,
,,,,,1000万及以上,1000元,,,,,
261101,景顺长城稳定收益C,债券型基金,中风险,100 ,,0.00%,30天以内,0.30%,,,
,,,,,,,30天以上 (含),0.00%,,,
261002,景顺长城优信增利A,债券型基金,中风险,100,100万以下,0.80%,60天以内,0.30%,,,
,,,,,100万(含)-500万,0.40%,60天以上 (含),0.00%,,,
,,,,,500万(含)-1000万,0.10%,,,,,
,,,,,1000万及以上,1000元,,,,,
261102,景顺长城优信增利C,债券型基金,中风险,100,,0.00%,30天以内,0.30%,,,
,,,,,,,30天以上 (含),0.00%,,,
262001 ,景顺长城大中华,混合型基金,中高风险,100 ,100万以下,1.60%,1年以内,0.50%,,,
,,,,,100万(含)-500万,1.00%,1年(含)-2年,0.25%,,,
,,,,,500万及以上,1000元,2年及以上,0.00%,,,
263001,景顺长城上证180等权重ETF联接,股票型基金,高风险,暂无,100万以下,1.20%,1年以内,0.50%,,,
,,,,,100万(含)-500万,0.80%,1年(含)-2年,0.25%,,,
,,,,,500万(含)-1000万,0.40%,2年及以上,0.00%,,,
,,,,,1000万及以上,1000元,,,,,
162605,景顺长城鼎益,混合型基金,中高风险,100,50万以下,1.50%,1年以内,0.50%,,,
,,,,,50万(含)-500万,1.20%,1年(含)-2年,0.25%,,,
,,,,,500万(含)-1000万,1.00%,2年及以上,0.00%,,,
,,,,,1000万及以上,1000元,,,,,
162607,景顺长城资源垄断,混合型基金,中高风险,暂无,50万以下,1.50%,1年以内,0.50%,,,
,,,,,50万(含)-500万,1.20%,1年(含)-2年,0.25%,,,
,,,,,500万(含)-1000万,1.00%,2年及以上,0.00%,,,
,,,,,1000万及以上,1000元,,,,,
519003,海富通收益增长混合,混合基金,高风险,200,50万以下,1.50%,1年以内,0.50%,"海富通基金管理公司
4008840099",,
,,,,,50万(含)-100万,1.20%,1年(含)-2年,0.25%,,,
,,,,,100万(含)-200万,1.00%,2年及以上,0.00%,,,
,,,,,200万(含)-500万,0.60%,,,,,
,,,,,500万及以上,1000元,,,,,
519005,海富通股票,股票型基金,中高风险,200,50万以下,1.50%,6个月以内,0.35%,,,
,,,,,50万(含)-100万,1.20%,6个月(含)-1年,0.18%,,,
,,,,,100万(含)-200万,1.00%,1年(含)-2年,0.09%,,,
,,,,,200万(含)-500万,0.60%,2年及以上,0.00%,,,
,,,,,500万及以上,1000元,,,,,
519007,海富通强化回报混合,混合基金,高风险,200,50万以下,1.50%,1年以内,0.50%,,,
,,,,,50万(含)-100万,1.20%,1年(含)-2年,0.25%,,,
,,,,,100万(含)-200万,1.00%,2年及以上,0.00%,,,
,,,,,200万(含)-500万,0.60%,,,,,
,,,,,500万及以上,1000元,,,,,
519011,海富通精选混合,混合基金,高风险,200,50万以下,1.50%,6个月以内,0.35%,,,
,,,,,50万(含)-100万,1.20%,6个月(含)-1年,0.18%,,,
,,,,,100万(含)-200万,1.00%,1年(含)-2年,0.09%,,,
,,,,,200万(含)-500万,0.60%,2年及以上,0.00%,,,
,,,,,500万及以上,1000元,,,,,
519013,海富通风格优势股票,混合型基金,高风险,200,50万以下,1.50%,1年以内,0.50%,,,
,,,,,50万(含)-100万,1.20%,1年(含)-2年,0.25%,,,
,,,,,100万(含)-200万,1.00%,2年及以上,0.00%,,,
,,,,,200万(含)-500万,0.60%,,,,,
,,,,,500万及以上,1000元,,,,,
519015,海富通精选贰号混合,混合基金,高风险,200,100万以下,2.00%,1年以内,0.50%,,,
,,,,,100万(含)-500万,1.60%,1年(含)-2年,0.25%,,,
,,,,,500万(含)-1000万,1.00%,2年及以上,0.00%,,,
,,,,,1000万及以上,1000元,,,,,
519023,海富通稳健添利债券C,债券型基金,中风险,暂无,,0.00%,30天以内,0.10%,"海富通基金管理公司
4008840099",,
,,,,,,,30天及以上,0.00%,,,
519024,海富通稳健添利债券A,债券型基金,中风险,暂无,100万以下,0.80%,30天以内,0.10%,,,
,,,,,100万(含)-200万,0.50%,30天及以上,0.00%,,,
,,,,,200万(含)-500万,0.30%,,,,,
,,,,,500万及以上,1000元,,,,,
519025,海富通领先成长股票,混合型基金,高风险,暂无,50万以下,1.50%,1年以内,0.50%,,,
,,,,,50万(含)-100万,1.20%,1年(含)-2年,0.25%,,,
,,,,,100万(含)-200万,1.00%,2年及以上,0.00%,,,
,,,,,200万(含)-500万,0.60%,,,,,
,,,,,500万及以上,1000元,,,,,
519032,海富通非周期100联接,股票型基金,中风险,暂无,100万以下,1.20%,1年以内,0.50%,,,
,,,,,100万(含)-500万,0.80%,1年(含)-2年,0.25%,,,
,,,,,500万及以上,1000元,2年及以上,0.00%,,,
519033,海富通国策导向,混合型基金,中高风险,100,100万以下,1.50%,1年以内,0.50%,,,
,,,,,100万(含)-200万,1.20%,1年(含)-2年,0.25%,,,
,,,,,200万(含)-500万,0.80%,2年及以上,0.00%,,,
,,,,,500万及以上,1000元,,,,,
519034,海富通中证内地低碳经济,股票型基金,高风险,100,100万以下,1.20%,1年以内,0.50%,,,
,,,,,100万(含)-500万,0.80%,1年(含)-2年,0.25%,,,
,,,,,500万及以上,1000元,2年及以上,0.00%,,,
519505,海富通货币A,货币基金,中低风险,500 ,,0.00%,,0.00%,,,
519506,海富通货币B,货币基金,中低风险,500 ,,0.00%,,0.00%,,,
519601,海富通中国海外股票(QDII),QDII基金,高风险,暂无,50万以下,1.50%,1年以内,0.50%,,,
,,,,,50万(含)-100万,1.20%,1年(含)-2年,0.25%,,,
,,,,,100万(含)-200万,1.00%,2年及以上,0.00%,,,
,,,,,200万(含)-500万,0.60%,,,,,
,,,,,500万及以上,1000元,,,,,
519602,海富通大中华,混合型基金,中风险,100,50万以下,1.50%,1年以内,0.50%,"海富通基金管理公司
4008840099",,
,,,,,50万(含)-100万,1.20%,1年(含)-2年,0.25%,,,
,,,,,100万(含)-200万,1.00%,2年及以上,0.00%,,,
,,,,,200万(含)-500万,0.60%,,,,,
,,,,,500万及以上,1000元,,,,,
519026,海富通中小盘股票,混合型基金,中高风险,200 ,100万以下,1.50%,1年以内,0.50%,,,
,,,,,100万(含)-200万,1.20%,1年(含)-2年,0.25%,,,
,,,,,200万(含)-500万,0.80%,,,,,
,,,,,500万及以上,1000元,,,,,
519027,海富通上证周期50ETF联接,股票型基金,中高风险,200,100万以下,1.20%,1年以内,0.50%,,,
,,,,,100万(含)-500万,0.80%,1年(含)-2年,0.25%,,,
,,,,,500万及以上,1000元,2年及以上,0.00%,,,
519030,海富通稳固收益债券,债券型基金,中风险,暂无,,0.00%,30天以内,0.75%,,,
,,,,,,,30天及以上,0.00%,,,
162307,海富通中证100指数（LOF）,股票型基金,中高风险,200,50万以下,1.20%,1年以内,0.50%,,,
,,,,,50万(含)-100万,1.00%,1年(含)-2年,0.25%,,,
,,,,,100万(含)-200万,0.80%,2年及以上,0.00%,,,
,,,,,200万(含)-500万,0.50%,,,,,
,,,,,500万及以上,1000元,,,,,
162308,海富通稳进增利分级,债券型基金,中风险,暂无,100万以下,0.80%,1年以内,0.10%,,,
,,,,,100万(含)-200万,0.50%,1年(含)-2年,0.05%,,,
,,,,,200万(含)-500万,0.30%,2年及以上,0.00%,,,
,,,,,500万及以上,1000元,,,,,
202001,南方稳健成长混合,混合基金,高风险,10,100万以下,1.60%,,0.50%,"南方基金管理公司
4008898899",,
,,,,,100万(含)-500万,1.30%,,,,,
,,,,,500万及以上,1000元 ,,,,,
202002,南方稳健成长贰号混合,混合基金,高风险,10 ,100万以下,2.00%,,0.50%,,,
,,,,,100万(含)-500万,1.60%,,,,,
,,,,,500万(含)-1000万,1.00%,,,,,
,,,,,1000万及以上,1000元 ,,,,,
202003,南方绩优成长股票,混合型基金,高风险,10,100万以下,1.50%,1年以内,0.50%,,,
,,,,,100万(含)-500万,0.90%,1年(含)-2年,0.30%,,,
,,,,,500万(含)-1000万,0.30%,2年及以上,0.00%,,,
,,,,,1000万及以上,1000元 ,,,,,
202004,南方绩优成长股票后端,混合型基金,高风险,10,1年以内,1.80%,1年以内,0.50%,,,
,,,,,1年(含)-2年,1.50%,1年(含)-2年,0.30%,,,
,,,,,2年(含)-3年,1.20%,2年及以上,0.00%,,,
,,,,,3年(含)-4年,0.80%,,,,,
,,,,,4年(含)-5年,0.40%,,,,,
,,,,,5年及以上,0.00%,,,,,
202005,南方成份精选股票,混合型基金,高风险,10 ,100万以下,1.50%,1年以内,0.50%,,,
,,,,,100万(含)-500万,0.90%,1年(含)-2年,0.30%,,,
,,,,,500万(含)-1000万,0.30%,2年及以上,0.00%,,,
,,,,,1000万及以上,1000元 ,,,,,
202006,南方成份精选股票后端,混合型基金,高风险,10 ,1年以内,1.80%,1年以内,0.50%,,,
,,,,,1年(含)-2年,1.50%,1年(含)-2年,0.30%,,,
,,,,,2年(含)-3年,1.20%,2年及以上,0.00%,,,
,,,,,3年(含)-4年,0.80%,,,,,
,,,,,4年(含)-5年,0.40%,,,,,
,,,,,5年及以上,0.00%,,,,,
202007,南方隆元产业主题股票,混合型基金,高风险,10 ,100万以下,1.50%,1年以内,0.50%,,,
,,,,,100万(含)-500万,0.90%,1年(含)-2年,0.30%,,,
,,,,,500万(含)-1000万,0.30%,2年及以上,0.00%,,,
,,,,,1000万及以上,1000元 ,,,,,
202008,南方隆元产业主题股票后端,混合型基金,高风险,10 ,1年以内,1.80%,1年以内,0.50%,,,
,,,,,1年(含)-2年,1.50%,1年(含)-2年,0.30%,,,
,,,,,2年(含)-3年,1.20%,2年及以上,0.00%,"南方基金管理公司
4008898899",,
,,,,,3年(含)-4年,0.80%,,,,,
,,,,,4年(含)-5年,0.40%,,,,,
,,,,,5年及以上,0.00%,,,,,
202009,南方盛元红利股票,混合型基金,高风险,10 ,100万以下,1.50%,1年以内,0.50%,,,
,,,,,100万(含)-500万,0.90%,1年(含)-2年,0.20%,,,
,,,,,500万(含)-1000万,0.30%,2年及以上,0.00%,,,
,,,,,1000万及以上,1000元 ,,,,,
202010,南方盛元红利股票后端,混合型基金,高风险,暂无,1年以内,1.80%,1年以内,0.50%,,,
,,,,,1年(含)-2年,1.50%,1年(含)-2年,0.20%,,,
,,,,,2年(含)-3年,1.20%,2年及以上,0.00%,,,
,,,,,3年(含)-4年,0.80%,,,,,
,,,,,4年(含)-5年,0.40%,,,,,
,,,,,5年及以上,0.00%,,,,,
202011,南方优选价值股票,混合型基金,高风险,10,100万以下,1.80%,1年以内,0.50%,,,
,,,,,100万(含)-500万,1.20%,1年(含)-2年,0.30%,,,
,,,,,500万(含)-1000万,0.60%,2年及以上,0.00%,,,
,,,,,1000万及以上,1000元 ,,,,,
202012,南方优选价值股票后端,混合型基金,高风险,10 ,1年以内,2.00%,1年以内,0.50%,,,
,,,,,1年(含)-2年,1.60%,1年(含)-2年,0.30%,,,
,,,,,2年(含)-3年,1.20%,2年及以上,0.00%,,,
,,,,,3年(含)-4年,0.80%,,,,,
,,,,,4年(含)-5年,0.40%,,,,,
,,,,,5年及以上,0.00%,,,,,
202015,南方沪深300指数,股票型基金,高风险,10,100万以下,1.20%,1年以内,0.50%,,,
,,,,,100万(含)-500万,0.70%,1年(含)-2年,0.30%,,,
,,,,,500万(含)-1000万,0.20%,2年及以上,0.00%,,,
,,,,,1000万及以上,1000元 ,,,,,
202016,南方沪深300指数后端,股票型基金,高风险,10 ,1年以内,1.40%,1年以内,0.50%,"南方基金管理公司
4008898899",,
,,,,,1年(含)-2年,1.20%,1年(含)-2年,0.30%,,,
,,,,,2年(含)-3年,1.00%,2年及以上,0.00%,,,
,,,,,3年(含)-4年,0.70%,,,,,
,,,,,4年(含)-5年,0.40%,,,,,
,,,,,5年及以上,0.00%,,,,,
202017,南方深成联接,股票型基金,中高风险,10,100万以下,1.20%,1年以内,0.50%,,,
,,,,,100万(含)-300万,0.80%,1年(含)-2年,0.25%,,,
,,,,,300万(含)-500万,0.40%,2年及以上,0.00%,,,
,,,,,500万及以上,1000元 ,,,,,
202018,南方深成联接后端,股票型基金,中高风险,10 ,1年以内,1.40%,1年以内,0.50%,,,
,,,,,1年(含)-2年,1.20%,1年(含)-2年,0.25%,,,
,,,,,2年(含)-3年,1.00%,2年及以上,0.00%,,,
,,,,,3年(含)-4年,0.80%,,,,,
,,,,,4年(含)-5年,0.40%,,,,,
,,,,,5年及以上,0.00%,,,,,
202019,南方策略优选股票,混合型基金,中高风险,10,100万以下,1.50%,1年以内,0.50%,,,
,,,,,100万(含)-500万,0.90%,1年(含)-2年,0.30%,,,
,,,,,500万(含)-1000万,0.30%,2年及以上,0.00%,,,
,,,,,1000万及以上,1000元 ,,,,,
202020,南方策略优选股票后端,混合型基金,中高风险,10 ,1年以内,1.80%,1年以内,0.50%,,,
,,,,,1年(含)-2年,1.50%,1年(含)-2年,0.30%,,,
,,,,,2年(含)-3年,1.20%,2年及以上,0.00%,,,
,,,,,3年(含)-4年,0.80%,,,,,
,,,,,4年(含)-5年,0.40%,,,,,
,,,,,5年及以上,0.00%,,,,,
202021,南方小康产业ETF联接,股票型基金,高风险,10,100万以下,1.20%,1年以内,0.50%,,,
,,,,,100万(含)-300万,0.80%,1年(含)-2年,0.25%,,,
,,,,,300万(含)-500万,0.40%,2年及以上,0.00%,"南方基金管理公司
4008898899",,
,,,,,500万及以上,1000元 ,,,,,
202022,南方小康产业ETF联接后端,股票型基金,高风险,10 ,1年以内,1.40%,1年以内,0.50%,,,
,,,,,1年(含)-2年,1.20%,1年(含)-2年,0.25%,,,
,,,,,2年(含)-3年,1.00%,2年及以上,0.00%,,,
,,,,,3年(含)-4年,0.80%,,,,,
,,,,,4年(含)-5年,0.40%,,,,,
,,,,,5年及以上,0.00%,,,,,
202023,南方优选成长,混合基金,中高风险,10,100万以下,1.50%,1年以内,0.50%,,,
,,,,,100万(含)-500万,0.90%,1年(含)-2年,0.30%,,,
,,,,,500万(含)-1000万,0.30%,2年及以上,0.00%,,,
,,,,,1000万及以上,1000元 ,,,,,
202024,南方优选成长后端,混合基金,中高风险,10 ,1年以内,1.80%,1年以内,0.50%,,,
,,,,,1年(含)-2年,1.50%,1年(含)-2年,0.30%,,,
,,,,,2年(含)-3年,1.20%,2年及以上,0.00%,,,
,,,,,3年(含)-4年,0.80%,,,,,
,,,,,4年(含)-5年,0.40%,,,,,
,,,,,5年及以上,0.00%,,,,,
202025,南方上证380ETF联接,股票型基金,高风险,10,100万以下,1.20%,1年以内,0.50%,,,
,,,,,100万(含)-300万,0.80%,1年(含)-2年,0.25%,,,
,,,,,300万(含)-500万,0.40%,2年及以上,0.00%,,,
,,,,,500万及以上,1000元 ,,,,,
202026,南方上证380ETF联接后端,股票型基金,高风险,10 ,1年以内,1.40%,1年以内,0.50%,,,
,,,,,1年(含)-2年,1.20%,1年(含)-2年,0.25%,,,
,,,,,2年(含)-3年,1.00%,2年及以上,0.00%,,,
,,,,,3年(含)-4年,0.80%,,,,,
,,,,,4年(含)-5年,0.40%,,,,,
,,,,,5年及以上,0.00%,,,,,
202101,南方宝元债券,债券型基金,中低风险,10,100万以下,0.80%,,0.30%,"南方基金管理公司
4008898899",,
,,,,,100万(含)-1000万,0.50%,,,,,
,,,,,1000万及以上,1000元 ,,,,,
202102,南方多利债券C,债券型基金,中低风险,10,,0.00%,30天以下,0.10%,,,
,,,,,,,30天及以上,0.00%,,,
202103,南方多利债券A,债券型基金,中低风险,10,100万以下,0.80%,30天以下,0.10%,,,
,,,,,100万(含)-500万,0.50%,30天及以上,0.00%,,,
,,,,,500万(含)-1000万,0.10%,,,,,
,,,,,1000万及以上,1000元 ,,,,,
202105,南方广利回报A,债券型基金,中风险,10,100万以下,0.80%,1年以内,0.10%,,,
,,,,,100万(含)-500万,0.50%,1年(含)-2年,0.05%,,,
,,,,,500万(含)-1000万,0.30%,2年及以上,0.00%,,,
,,,,,1000万及以上,1000元 ,,,,,
202106,南方广利回报B,债券型基金,中风险,10,1年以内,1.00%,1年以内,0.10%,,,
,,,,,1年(含)-2年,0.80%,1年(含)-2年,0.05%,,,
,,,,,2年(含)-3年,0.60%,2年及以上,0.00%,,,
,,,,,3年(含)-4年,0.40%,,,,,
,,,,,4年(含)-5年,0.20%,,,,,
,,,,,5年及以上,0.00%,,,,,
202107,南方广利回报C,债券型基金,中风险,10,,0.00%,30天以下,0.75%,,,
,,,,,,,30天及以上,0.00%,,,
202108,南方润元纯债（A类）,债券型基金,中风险,暂无,100万以下,0.80%,1年以内,0.10%,,,
,,,,,100万(含)-500万,0.50%,1年(含)-2年,0.05%,,,
,,,,,500万(含)-1000万,0.30%,2年及以上,0.00%,,,
,,,,,1000万及以上,1000元 ,,,,,
202109,南方润元纯债（B类）,债券型基金,中风险,暂无,1年以内,1.00%,1年以内,0.10%,,,
,,,,,1年(含)-2年,0.80%,1年(含)-2年,0.05%,,,
,,,,,2年(含)-3年,0.60%,2年及以上,0.00%,,,
,,,,,3年(含)-4年,0.40%,,,"南方基金管理公司
4008898899",,
,,,,,4年(含)-5年,0.20%,,,,,
,,,,,5年及以上,0.00%,,,,,
202110,南方润元纯债（C类）,债券型基金,中风险,暂无,,0.00%,30天以下,0.75%,,,
,,,,,,,30天及以上,0.00%,,,
202211,南方恒元保本混合,保本型基金,低风险,暂无,100万以下,1.20%,1.5年以内,2.00%,,,
,,,,,100万(含)-500万,0.80%,1.5年(含)-3年,1.00%,,,
,,,,,500万(含)-1000万,4.00%,3年及以上,0.00%,,,
,,,,,1000万及以上,1000元,,,,,
202212,南方保本,混合基金,低风险,暂无,100万以下,1.20%,1.5年以内,2.00%,,,
,,,,,100万(含)-500万,0.80%,1.5年(含)-3年,1.00%,,,
,,,,,500万(含)-1000万,4.00%,3年及以上,0.00%,,,
,,,,,1000万及以上,1000元,,,,,
202202,南方避险增值混合,混合基金,中风险,暂无,1000万以下,1.00%,1000万以下,2.00%,,,
,,,,,1000万及以上,0.50%,1000万及以上,1.00%,,,
202301,南方现金增利货币A,货币基金,低风险,10 ,,0.00%,,0.00%,,,
202302,南方现金增利货币B,货币基金,低风险,暂无,,0.00%,,0.00%,,,
202801,南方全球精选配置(QDII-FOF),QDII基金,高风险,10,100万以下,1.50%,1年以内,0.50%,,,
,,,,,100万(含)-500万,0.90%,1年(含)-2年,0.30%,,,
,,,,,500万(含)-1000万,0.30%,2年及以上,0.00%,,,
,,,,,1000万及以上,1000元,,,,,
160105,南方积极配置股票LOF,混合型基金,高风险,10 ,100万以下,1.50%,,0.50%,,,
,,,,,100万(含)-1000万,1.20%,,,,,
,,,,,1000万及以上,1000元,,,,,
160106,南方高增长股票(LOF),混合型基金,中高风险,10 ,10万以下,1.50%,180天以内,0.50%,,,
,,,,,10万(含)-100万,1.20%,180天(含)-1年,0.40%,,,
,,,,,100万(含)-500万,0.90%,1年(含)-2年,0.20%,,,
,,,,,500万(含)-1000万,0.60%,2年及以上,0.00%,,,
,,,,,1000万及以上,1000元 ,,,"南方基金管理公司
4008898899",,
160107,南方高增长股票(LOF)后端,股票型基金,中高风险,10 ,1年以内,2.00%,1年以内,0.50%,,,
,,,,,1年(含)-2年,1.50%,1年(含)-2年,0.40%,,,
,,,,,2年(含)-3年,1.20%,2年(含)-3年,0.30%,,,
,,,,,3年(含)-4年,0.80%,3年(含)-4年,0.20%,,,
,,,,,4年(含)-5年,0.40%,4年(含)-5年,0.10%,,,
,,,,,5年及以上,0.00%,5年及以上,0.00%,,,
160119,南方中证500指数,股票型基金,高风险,10 ,100万以下,1.20%,1年以内,0.50%,,,
,,,,,100万(含)-500万,0.70%,1年(含)-2年,0.30%,,,
,,,,,500万(含)-1000万,0.20%,2年及以上,0.00%,,,
,,,,,1000万及以上,1000元 ,,,,,
160120,南方中证500指数后端,股票型基金,高风险,10 ,1年以内,1.40%,1年以内,0.50%,,,
,,,,,1年(含)-2年,1.20%,1年(含)-2年,0.30%,,,
,,,,,2年(含)-3年,1.00%,2年及以上,0.00%,,,
,,,,,3年(含)-4年,0.70%,,,,,
,,,,,4年(含)-5年,0.40%,,,,,
,,,,,5年及以上,0.00%,,,,,
160121 ,南方金砖四国,QDII基金,高风险,10 ,100万以下,1.30%,1年以内,0.50%,,,
,,,,,100万(含)-500万,0.70%,1年(含)-2年,0.30%,,,
,,,,,500万(含)-1000万,0.20%,2年及以上,0.00%,,,
,,,,,1000万及以上,1000元 ,,,,,
160122 ,南方金砖四国后端,QDII基金,高风险,10 ,1年以内,1.40%,1年以内,0.50%,,,
,,,,,1年(含)-2年,1.20%,1年(含)-2年,0.30%,,,
,,,,,2年(含)-3年,1.00%,2年及以上,0.00%,,,
,,,,,3年(含)-4年,0.70%,,,,,
,,,,,4年(含)-5年,0.40%,,,,,
,,,,,5年及以上,0.00%,,,,,
160123,南方10年国债A类,债券型基金,中风险,暂无,100万以下,0.60%,1年以内,0.10%,"南方基金管理公司
4008898899",,
,,,,,100万(含)-500万,0.40%,1年(含)-2年,0.05%,,,
,,,,,500万(含)-1000万,0.20%,2年及以上,0.00%,,,
,,,,,1000万及以上,1000元 ,,,,,
160124,南方10年国债C类,债券型基金,中风险,暂无,,0.00%,,0.00%,,,
160125,南方香港优选,QDII基金,中高风险,10 ,100万以下,1.30%,1年以内,0.50%,,,
,,,,,100万(含)-500万,0.70%,1年(含)-2年,0.30%,,,
,,,,,500万(含)-1000万,0.20%,2年及以上,0.00%,,,
,,,,,1000万及以上,1000元 ,,,,,
160126,南方中国中小盘后端,QDII基金,中高风险,10 ,1年以内,1.40%,1年以内,0.50%,,,
,,,,,1年(含)-2年,1.30%,1年(含)-2年,0.30%,,,
,,,,,2年(含)-3年,1.00%,2年及以上,0.00%,,,
,,,,,3年(含)-4年,0.70%,,,,,
,,,,,4年(含)-5年,0.40%,,,,,
,,,,,5年及以上,0.00%,,,,,
160127,南方新兴消费增长,股票型基金,中高风险,10 ,100万以下,1.50%,1年以内,0.50%,,,
,,,,,100万(含)-500万,0.90%,1年(含)-2年,0.30%,,,
,,,,,500万(含)-1000万,0.30%,2年及以上,0.00%,,,
,,,,,1000万及以上,1000元 ,,,,,
160128,南方金利,债券型基金,中风险,暂无,100万以下,0.80%,,0.00%,,,
,,,,,100万(含)-500万,0.50%,,,,,
,,,,,500万(含)-1000万,0.30%,,,,,
,,,,,1000万及以上,1000元 ,,,,,
206001 ,鹏华行业成长混合,混合基金,中风险,200 ,100万以下,1.50%,1年以内,0.50%,"鹏华基金管理公司
4006788999",,
,,,,,100万(含)-500万,1.00%,1年(含)-2年,0.25%,,,
,,,,,500万及以上,1000元 ,2年及以上,0.00%,,,
206002,鹏华精选成长股票,股票型基金,中高风险,暂无,100万以下,1.50%,1年以内,0.50%,,,
,,,,,100万(含)-500万,1.00%,1年(含)-2年,0.25%,,,
,,,,,500万及以上,1000元 ,2年及以上,0.00%,,,
206003,鹏华信用增利（A类),债券型基金,中风险,200 ,50万以下,0.80%,1年以内,0.10%,,,
,,,,,50万(含)-250万,0.50%,1年(含)-2年,0.05%,,,
,,,,,250万(含)-500万,0.30%,2年及以上,0.00%,,,
,,,,,500万及以上,1000元,,,,,
206004,鹏华信用增利（B类),债券型基金,中风险,200 ,,0.00%,30天以内,0.75%,,,
,,,,,,0.00%,30天(含)及以上,0.00%,,,
206005,鹏华上证民企50ETF联接,股票型基金,中高风险,200 ,100万以下,1.20%,1年以内,0.50%,,,
,,,,,100万(含)-500万,0.60%,1年(含)-2年,0.25%,,,
,,,,,500万及以上,1000元,2年及以上,0.00%,,,
206006,鹏华环球发现（QDII-FOF）,股票型基金,中高风险,200 ,50万以下,1.50%,1年以内,0.50%,,,
,,,,,50万(含)-250万,1.20%,1年(含)-2年,0.25%,,,
,,,,,250万(含)-500万,0.80%,2年及以上,0.00%,,,
,,,,,500万及以上,1000元,,,,,
206007,鹏华消费优选,股票型基金,高风险,100,100万以下,1.50%,1年以内,0.50%,,,
,,,,,100万(含)-500万,1.00%,1年(含)-2年,0.25%,,,
,,,,,500万及以上,1000元,2年及以上,0.00%,,,
206008,鹏华丰盛稳固收益,债券型基金,中风险,100 ,,0.00%,30天以内,1.00%,,,
,,,,,,,30天及以上,0.00%,,,
206009,鹏华新兴产业,股票型基金,中高风险,100,100万以下,1.50%,1年以内,0.50%,,,
,,,,,100万(含)-500万,1.00%,1年(含)-2年,0.25%,,,
,,,,,500万及以上,1000元,2年及以上,0.00%,,,
206010,鹏华深证民营ETF联接,股票型基金,高风险,100,100万以下,1.20%,1年以内,0.50%,,,
,,,,,100万(含)-500万,0.60%,1年(含)-2年,0.25%,,,
,,,,,500万及以上,1000元,2年及以上,0.00%,,,
206011,鹏华美国房地产,QDII基金,中高风险,100 ,100万以下,1.00%,1年以内,0.50%,,,
,,,,,100万(含)-500万,0.60%,1年(含)-3年,0.30%,,,
,,,,,500万(含)-1000万,0.40%,3年及以上,0.00%,,,
,,,,,1000万及以上,1000元 ,,,,,
206012,鹏华价值精选,股票型基金,高风险,100 ,100万以下,1.50%,1年以内,0.50%,"鹏华基金管理公司
4006788999",,
,,,,,100万(含)-500万,1.00%,1年(含)-2年,0.25%,,,
,,,,,500万及以上,1000元,2年及以上,0.00%,,,
206013,鹏华金刚保本,混合基金,中低风险,100 ,100万以下,1.20%,1年以内,2.00%,,,
,,,,,100万(含)-500万,0.80%,1年(含)-2年,1.50%,,,
,,,,,500万及以上,1000元,2年(含)3年,1.00%,,,
,,,,,,,3年及以上,0.00%,,,
160603,鹏华普天收益混合,混合基金,中高风险,200 ,10万以下,1.40%,1年以内,0.50%,,,
,,,,,10万(含)-100万,1.00%,1年(含)-2年,0.30%,,,
,,,,,100万(含)-500万,0.50%,2年(含)-3年,0.10%,,,
,,,,,500万及以上,0.02%,3年及以上,0.00%,,,
160602,鹏华普天债券A,债券型基金,中风险,200 ,10万以下,0.80%,1年以内,0.50%,,,
,,,,,10万(含)-100万,0.50%,1年(含)-2年,0.30%,,,
,,,,,100万(含)-500万,0.30%,2年(含)-3年,0.10%,,,
,,,,,500万及以上,0.01%,3年及以上,0.00%,,,
160608,鹏华普天债券B,债券型基金,中风险,200 ,,0.00%,,0.00%,,,
160605,鹏华中国50混合,混合基金,中高风险,200 ,10万以下,1.50%,1年以内,0.50%,,,
,,,,,10万(含)-100万,1.00%,1年(含)-2年,0.30%,,,
,,,,,100万(含)-500万,0.50%,2年(含)-3年,0.10%,,,
,,,,,500万及以上,0.02%,3年及以上,0.00%,,,
160606,鹏华货币A,货币基金,中低风险,200 ,,0.00%,,0.00%,,,
160609,鹏华货币B,货币基金,中低风险,200 ,,0.00%,,0.00%,,,
160607,鹏华价值优势股票(LOF),股票型基金,中高风险,200 ,50万以下,1.50%,1年以内,0.50%,,,
,,,,,50万(含)-250万,1.00%,1年(含)-2年,0.25%,,,
,,,,,250万(含)-500万,0.75%,2年及以上,0.00%,,,
,,,,,500万(含)-1000万,0.50%,,,,,
,,,,,1000万及以上,1000元 ,,,,,
160610,鹏华动力增长混合(LOF),混合基金,中高风险,200 ,50万以下,1.50%,1年以内,0.50%,,,
,,,,,50万(含)-250万,1.20%,1年(含)-2年,0.25%,"鹏华基金管理公司
4006788999",,
,,,,,250万(含)-500万,0.80%,2年及以上,0.00%,,,
,,,,,500万及以上,1000元 ,,,,,
160611,鹏华优质治理股票(LOF),股票型基金,高风险,200 ,100万以下,1.50%,1年以内,0.50%,,,
,,,,,100万(含)-500万,1.20%,1年(含)-2年,0.25%,,,
,,,,,500万(含)-1000万,1.00%,2年及以上,0.00%,,,
,,,,,1000万及以上,1000元 ,,,,,
160612,鹏华丰收债券,债券型基金,中风险,200 ,50万以下,0.80%,30天以内,0.30%,,,
,,,,,50万(含)-250万,0.50%,30天(含)-1年,0.10%,,,
,,,,,250万(含)-500万,0.30%,1年(含)-2年,0.05%,,,
,,,,,500万及以上,1000元 ,2年及以上,0.00%,,,
160613,鹏华盛世创新股票(LOF),股票型基金,中高风险,200 ,50万以下,1.50%,1年以内,0.50%,,,
,,,,,50万(含)-250万,1.20%,1年(含)-2年,0.25%,,,
,,,,,250万(含)-500万,0.80%,2年及以上,0.00%,,,
,,,,,500万及以上,1000元 ,,,,,
160615,鹏华沪深300指数(LOF),指数基金,高风险,200 ,100万以下,1.20%,1年以内,0.50%,,,
,,,,,100万(含)-250万,0.80%,1年(含)-2年,0.25%,,,
,,,,,250万(含)-500万,0.40%,2年及以上,0.00%,,,
,,,,,500万及以上,1000元 ,,,,,
160616 ,鹏华中证500指数（LOF）,指数基金,高风险,暂无,100万以下,1.20%,1年以内,0.50%,,,
,,,,,100万(含)-500万,0.60%,1年(含)-2年,0.25%,,,
,,,,,500万以上,1000元 ,2年及以上,0.00%,,,
160619,鹏华丰泽分级A,债券型基金,中低风险,暂无,,0.00%,半年,0.10%,,,
,,,,,,,1年及以上,0.00%,,,
270001,广发聚富混合,混合基金,中高风险,200 ,100万以下,1.50%,1年以内,0.50%,"广发基金管理公司
95105828",,
,,,,,100万(含)-500万,0.90%,1年(含)-2年,0.30%,,,
,,,,,500万(含)-1000万,0.30%,2年及以上,0.00%,,,
,,,,,1000万及以上,1000元 ,,,,,
003745,广发多元新兴股票,股票型基金,高风险,10 ,100万以下,1.2,7天内,1.50%,,,
,,,,,100万(含)-300万,0.8%（认购）,7天（含）-30天,0.75%,,,
,,,,,300万(含)-500万,0.6%（认购）,30天（含）-1年,0.50%,,,
,,,,,500万及以上,1000元,1年（含）-2年,0.30%,,,
,,,,,100万以下,1.5%（申购）,2年及以上,0.00%,,,
,,,,,100万(含)-300万,1%（申购）,,,,,
,,,,,300万(含)-500万,0.8%（申购）,,,,,
,,,,,500万及以上,1000元,,,,,
270011,广发聚富混合后端,混合基金,中高风险,200 ,1年以内,1.80%,1年以内,0.50%,"广发基金管理公司
95105828",,
,,,,,1年(含)-2年,1.50%,1年(含)-2年,0.30%,,,
,,,,,2年(含)-3年,1.20%,2年及以上,0.00%,,,
,,,,,3年(含)-4年,0.90%,,,,,
,,,,,4年(含)-5年,0.50%,,,,,
,,,,,5年及以上,0.00%,,,,,
270002,广发稳健增长混合,混合基金,中高风险,200 ,100万以下,1.50%,1年以内,0.50%,,,
,,,,,100万(含)-500万,0.90%,1年(含)-2年,0.30%,,,
,,,,,500万(含)-1000万,0.30%,2年及以上,0.00%,,,
,,,,,1000万及以上,1000元 ,,,,,
270012,广发稳健增长混合后端,混合基金,中高风险,200 ,1年以内,1.80%,1年以内,0.50%,,,
,,,,,1年(含)-2年,1.50%,1年(含)-2年,0.30%,,,
,,,,,2年(含)-3年,1.20%,2年及以上,0.00%,,,
,,,,,3年(含)-4年,0.90%,,,,,
,,,,,4年(含)-5年,0.50%,,,,,
,,,,,5年及以上,0.00%,,,,,
162703,广发小盘成长股票（LOF）,混合型基金,高风险,200 ,100万以下,1.50%,1年以内,0.50%,,,
,,,,,100万(含)-500万,0.70%,1年(含)-2年,0.30%,,,
,,,,,500万及以上,1000元 ,2年及以上,0.00%,,,
270004,广发货币A级,货币基金,中低风险,200 ,,0.00%,,0.00%,,,
270014,广发货币B级,货币基金,中低风险,200 ,,0.00%,,0.00%,,,
270005,广发聚丰股票,混合型基金,中高风险,200 ,100万以下,1.50%,1年以内,0.50%,,,
,,,,,100万(含)-500万,0.90%,1年(含)-2年,0.30%,,,
,,,,,500万(含)-1000万,0.30%,2年及以上,0.00%,,,
,,,,,1000万及以上,1000元 ,,,,,
270015,广发聚丰股票后端,混合型基金,中高风险,200 ,1年以内,1.80%,1年以内,0.50%,,,
,,,,,1年(含)-2年,1.50%,1年(含)-2年,0.30%,,,
,,,,,2年(含)-3年,1.20%,2年及以上,0.00%,,,
,,,,,3年(含)-4年,0.90%,,,"广发基金管理公司
95105828",,
,,,,,4年(含)-5年,0.50%,,,,,
,,,,,5年及以上,0.00%,,,,,
270006,广发策略优选混合,混合基金,中风险,200 ,100万以下,1.50%,1年以内,0.50%,,,
,,,,,100万(含)-500万,0.90%,1年(含)-2年,0.30%,,,
,,,,,500万(含)-1000万,0.30%,2年及以上,0.00%,,,
,,,,,1000万及以上,1000元 ,,,,,
270016,广发策略优选混合后端,混合基金,中风险,200 ,1年以内,1.80%,1年以内,0.50%,,,
,,,,,1年(含)-2年,1.50%,1年(含)-2年,0.30%,,,
,,,,,2年(含)-3年,1.20%,2年及以上,0.00%,,,
,,,,,3年(含)-4年,0.90%,,,,,
,,,,,4年(含)-5年,0.50%,,,,,
,,,,,5年及以上,0.00%,,,,,
270007,广发大盘成长混合,混合基金,中高风险,200 ,100万以下,1.50%,1年以内,0.50%,,,
,,,,,100万(含)-500万,0.90%,1年(含)-2年,0.30%,,,
,,,,,500万(含)-1000万,0.30%,2年及以上,0.00%,,,
,,,,,1000万及以上,1000元 ,,,,,
270017,广发大盘成长混合后端,混合基金,中高风险,200 ,1年以内,1.80%,1年以内,0.50%,,,
,,,,,1年(含)-2年,1.50%,1年(含)-2年,0.30%,,,
,,,,,2年(含)-3年,1.20%,2年及以上,0.00%,,,
,,,,,3年(含)-4年,0.90%,,,,,
,,,,,4年(含)-5年,0.50%,,,,,
,,,,,5年及以上,0.00%,,,,,
270008,广发核心精选股票,混合型基金,中高风险,200 ,100万以下,2.00%,1年以内,0.50%,,,
,,,,,100万(含)-500万,1.00%,1年(含)-2年,0.30%,,,
,,,,,500万(含)-1000万,0.50%,2年及以上,0.00%,,,
,,,,,1000万及以上,1000元 ,,,,,
270009,广发增强债券,债券型基金,中低风险,200 ,,0.00%,30天以内,0.10%,,,
,,,,,,,30天及以上,0.00%,"广发基金管理公司
95105828",,
270010,广发沪深300指数,指数基金,中高风险,200 ,100万以下,1.20%,1年以内,0.50%,,,
,,,,,100万(含)-500万,0.80%,1年(含)-2年,0.30%,,,
,,,,,500万(含)-1000万,0.20%,2年及以上,0.00%,,,
,,,,,1000万及以上,1000元 ,,,,,
270021,广发聚瑞股票,混合型基金,中高风险,200 ,100万以下,1.50%,1年以内,0.50%,,,
,,,,,100万(含)-500万,0.90%,1年(含)-2年,0.30%,,,
,,,,,500万(含)-1000万,0.30%,2年及以上,0.00%,,,
,,,,,1000万及以上,1000元 ,,,,,
270022,广发内需增长混合,混合基金,中高风险,200 ,100万以下,1.50%,1年以内,0.50%,,,
,,,,,100万(含)-500万,0.90%,1年(含)-2年,0.30%,,,
,,,,,500万(含)-1000万,0.30%,2年及以上,0.00%,,,
,,,,,1000万及以上,1000元 ,,,,,
270023,广发亚太精选股票,股票型基金,中高风险,200 ,100万以下,1.60%,1年以内,0.50%,,,
,,,,,100万(含)-500万,1.00%,1年(含)-2年,0.30%,,,
,,,,,500万(含)-1000万,0.50%,2年及以上,0.00%,,,
,,,,,1000万及以上,1000元 ,,,,,
270025,广发行业领先股票,混合型基金,中高风险,200 ,100万以下,1.50%,1年以内,0.50%,,,
,,,,,100万(含)-500万,0.90%,1年(含)-2年,0.30%,,,
,,,,,500万(含)-1000万,0.30%,2年及以上,0.00%,,,
,,,,,1000万及以上,1000元 ,,,,,
270026,广发中小板300联接,股票型基金,中高风险,100 ,100万以下,1.20%,1年以内,0.50%,,,
,,,,,100万(含)-500万,0.80%,1年(含)-2年,0.30%,,,
,,,,,500万(含)-1000万,0.40%,2年及以上,0.00%,,,
,,,,,1000万及以上,1000元 ,,,,,
270027 ,广发标普全球农业,QDII基金,中风险,100 ,100万以下,1.30%,1年以内,0.50%,,,
,,,,,100万(含)-500万,0.70%,1年(含)-2年,0.30%,,,
,,,,,500万(含)-1000万,0.20%,2年及以上,0.00%,,,
,,,,,1000万及以上,1000元 ,,,"广发基金管理公司
95105828",,
270028,广发制造业精选,混合型基金,中风险,100 ,100万以下,1.50%,1年以内,0.50%,,,
,,,,,100万(含)-500万,0.90%,1年(含)-2年,0.30%,,,
,,,,,500万(含)-1000万,0.30%,2年及以上,0.00%,,,
,,,,,1000万及以上,1000元 ,,,,,
270041,广发消费品精选,混合型基金,中风险,100 ,100万以下,1.50%,1年以内,0.50%,,,
,,,,,100万(含)-500万,0.90%,1年(含)-2年,0.30%,,,
,,,,,500万(含)-1000万,0.30%,2年及以上,0.00%,,,
,,,,,1000万及以上,1000元 ,,,,,
270042 ,广发纳斯达克100,QDII基金,中风险,100 ,100万以下,1.30%,1年以内,0.50%,,,
,,,,,100万(含)-500万,0.70%,1年(含)-2年,0.30%,,,
,,,,,500万(含)-1000万,0.20%,2年及以上,0.00%,,,
,,,,,1000万及以上,1000元 ,,,,,
000117,广发轮动配置,混合型基金,中风险,100 ,100万以下,1.50%,1年以内,0.50%,,,
,,,,,100万(含)-300万,0.90%,1年(含)-2年,0.30%,,,
,,,,,300万(含)-500万,0.30%,2年及以上,0.00%,,,
,,,,,500万及以上,1000元 ,,,,,
000179,广发美国房地产人民币,QDII基金,中高风险,100 ,50万以下,1.30%,1年以内,0.50%,,,
,,,,,50万(含)-100万,0.70%,1年(含)-2年,0.30%,,,
,,,,,100万(含)-500万,0.30%,2年及以上,0.00%,,,
,,,,,500万及以上,1000元 ,,,,,
162714,广发深证100指数分级,股票型基金,中高风险,100 ,5万(含)-100万,1.20%,1年以内,0.50%,,,
,,,,,100万(含)-200万,0.80%,1年(含)-2年,0.25%,,,
,,,,,200万(含)-500万,0.40%,2年及以上,0.00%,,,
,,,,,500万及以上,1000元 ,,,,,
162711,广发中证500指数（LOF）,股票型基金,中高风险,200 ,100万以下,1.20%,1年以内,0.50%,,,
,,,,,100万(含)-500万,0.80%,1年(含)-2年,0.30%,,,
,,,,,500万及以上,1000元 ,2年及以上,0.00%,,,
004263,华安沪港深机会灵活混合,混合型,中高风险,暂无,100万以下（认购）,1.20%,0-7天,1.50%,"华安基金管理公司
4008850099",,
,,,,,100万(含)-300万（认购）,1.00%,7(含）--30天,0.75%,,,
,,,,,300万(含)-500万（认购）,0.60%,30（含）--365天,0.50%,,,
,,,,,500万及以上（认购）,1000元,365（含）天--730天,0.25%,,,
,,,,,100万以下,1.50%,730天以上,0.00%,,,
,,,,,100万(含)-300万,1.20%,,,,,
,,,,,300万(含)-500万,0.80%,,,,,
,,,,,500万及以上,1000元,,,,,
001532,华安文体健康主题灵活混合,混合型,中高风险,暂无,100万以下（认购）,1.20%,0-7天,1.50%,,,
,,,,,100万(含)-300万（认购）,1.00%,7(含）--30天,0.75%,,,
,,,,,300万(含)-500万（认购）,0.60%,30（含）--365天,0.50%,,,
,,,,,500万及以上（认购）,1000元,365（含）天--730天,0.25%,,,
,,,,,100万以下,1.50%,730天以上,0.00%,,,
,,,,,100万(含)-300万,1.20%,,,,,
,,,,,300万(含)-500万,0.80%,,,,,
,,,,,500万及以上,1000元,,,,,
040001,华安创新混合,混合基金,中高风险,300 ,100万以下,1.50%,1年以内,0.50%,,,
,,,,,100万(含)-1000万,1.20%,1年(含)-2年,0.30%,,,
,,,,,1000万及以上,1000元 ,2年(含)-3年,0.20%,,,
,,,,,,,3年(含)-4年,0.10%,,,
,,,,,,,4年及以上,0.00%,,,
040002,华安中国A股增强指数,股票型基金,高风险,300,100万以下,1.50%,,0.00%,,,
,,,,,100万(含)-1000万,1.20%,,,,,
,,,,,1000万及以上,1000元 ,,,,,
040003,华安现金富利货币,货币基金,中低风险,300 ,,0.00%,,0.00%,,,
041003,华安现金富利货币B,货币基金,中低风险,暂无,,0.00%,,0.00%,,,
040004,华安宝利配置混合,混合基金,中风险,300,100万以下,1.20%,1年以内,0.50%,,,
,,,,,100万(含)-1000万,1.10%,1年及以上,0.25%,,,
,,,,,1000万及以上,1000元 ,,,,,
040005,华安宏利股票,股票型基金,中风险,300,100万以下,1.50%,1年以内,0.50%,,,
,,,,,100万(含)-1000万,1.00%,1年(含)-2年,0.25%,,,
,,,,,1000万及以上,1000元 ,2年及以上,0.00%,,,
040007,华安中小盘成长股票,股票型基金,中高风险,300,100万以下,1.50%,1年以内,0.50%,,,
,,,,,100万(含)-500万,1.00%,1年(含)-2年,0.25%,,,
,,,,,500万及以上,1000元 ,2年及以上,0.00%,,,
040008,华安策略优选股票,股票型基金,中高风险,300,100万以下,1.50%,1年以内,0.50%,,,
,,,,,100万(含)-500万,1.00%,1年(含)-2年,0.25%,,,
,,,,,500万及以上,1000元 ,2年及以上,0.00%,,,
040009,华安稳定收益债券A,债券型基金,中风险,300,100万以下,0.80%,30天以内,0.30%,,,
,,,,,100万(含)-500万,0.50%,30天(含)-1年,0.10%,,,
,,,,,500万(含)-1000万,0.30%,1年(含)-2年,0.05%,,,
,,,,,1000万及以上,1000元 ,2年及以上,0.00%,,,
040010,华安稳定收益债券B,债券型基金,中风险,300 ,,0.00%,30天以内,0.30%,,,
,,,,,,,30天及以上,0.00%,,,
040011,华安核心股票,股票型基金,中高风险,300,100万以下,1.50%,1年以内,0.50%,"华安基金管理公司
4008850099",,
,,,,,100万(含)-500万,1.00%,1年(含)-2年,0.25%,,,
,,,,,500万(含)-1000万,0.60%,2年及以上,0.00%,,,
,,,,,1000万及以上,1000元 ,,,,,
040012,华安强化收益债券A,债券型基金,中风险,300,100万以下,0.80%,1年以内,0.10%,,,
,,,,,100万(含)-300万,0.50%,1年(含)-2年,0.05%,,,
,,,,,300万(含)-500万,0.30%,2年及以上,0.00%,,,
,,,,,500万及以上,1000元 ,,,,,
040013,华安强化收益债券B,债券型基金,中风险,300 ,,0.00%,60天以内,0.30%,,,
,,,,,,,60天及以上,0.00%,,,
040015,华安动态灵活配置,混合基金,中高风险,300,100万以下,1.50%,1年以内,0.50%,,,
,,,,,100万(含)-500万,1.20%,1年(含)-2年,0.25%,,,
,,,,,500万(含)-1000万,0.30%,2年及以上,0.00%,,,
,,,,,1000万及以上,1000元 ,,,,,
040016,华安行业轮动,股票型基金,高风险,300,100万以下,1.50%,1年以内,0.50%,,,
,,,,,100万(含)-300万,1.20%,1年(含)-2年,0.25%,,,
,,,,,300万(含)-500万,0.80%,2年及以上,0.00%,,,
,,,,,500万及以上,1000元 ,,,,,
040018,华安香港精选,股票型基金,高风险,300,100万以下,1.60%,1年以内,0.50%,,,
,,,,,100万(含)-500万,1.00%,1年(含)-2年,0.25%,,,
,,,,,500万(含)-1000万,0.50%,2年及以上,0.00%,,,
,,,,,1000万及以上,1000元 ,,,,,
040019,华安稳固收益债券,债券型基金,中高风险,100 ,,0.00%,90天以内,1.00%,,,
,,,,,,,90天(含)-1年,0.50%,,,
,,,,,,,1年(含)-2年,0.30%,,,
,,,,,,,2年(含)-3年,0.20%,,,
,,,,,,,3年及以上,0.00%,,,
040020,华安升级主题股票,股票型基金,中高风险,100,100万以下,1.50%,1年以内,0.50%,,,
,,,,,100万(含)-300万,1.20%,1年(含)-2年,0.25%,"华安基金管理公司
4008850099",,
,,,,,300万(含)-500万,0.80%,2年及以上,0.00%,,,
,,,,,500万及以上,1000元 ,,,,,
040021,华安大中华股票,股票型基金,高风险,300,100万以下,1.50%,1年以内,0.50%,,,
,,,,,100万(含)-300万,1.20%,1年(含)-2年,0.25%,,,
,,,,,300万(含)-500万,0.80%,2年及以上,0.00%,,,
,,,,,500万及以上,1000元 ,,,,,
040022,华安可转债A,债券型基金,中风险,300,100万以下,0.80%,1年以内,0.10%,,,
,,,,,100万(含)-300万,0.50%,1年(含)-2年,0.05%,,,
,,,,,300万(含)-500万,0.30%,2年及以上,0.00%,,,
,,,,,500万及以上,1000元 ,,,,,
040023,华安可转债B,债券型基金,中风险,300 ,,0.00%,,0.00%,,,
040025,华安科技动力,股票型基金,中高风险,300,100万以下,1.50%,1年以内,0.50%,,,
,,,,,100万(含)-300万,1.20%,1年(含)-2年,0.25%,,,
,,,,,300万(含)-500万,0.80%,2年及以上,0.00%,,,
,,,,,500万及以上,1000元 ,,,,,
040026,华安信用四季红,债券型基金,中低风险,300,100万以下,0.80%,180天以内,1.50%,,,
,,,,,100万(含)-300万,0.50%,180天(含)-1年,1.20%,,,
,,,,,300万(含)-500万,0.30%,1年(含)-2年,0.70%,,,
,,,,,500万及以上,1000元 ,2年及以上,0.00%,,,
000482,华安月月鑫,债券型基金,中低风险,暂无,,0.00%,,0.00%,,,
040027,华安月月鑫申购,债券型基金,中低风险,暂无,,0.00%,,0.00%,,,
040028,华安月月鑫A,债券型基金,中低风险,300 ,,0.00%,,0.00%,,,
040029,华安月月鑫B,债券型基金,中低风险,300 ,,0.00%,,0.00%,,,
000537,华安月安鑫,债券型基金,中低风险,暂无,,0.00%,,0.00%,,,
040032,华安月安鑫申购,债券型基金,中低风险,暂无,,0.00%,,0.00%,,,
040033,华安月安鑫A,债券型基金,中低风险,1 ,,0.00%,,0.00%,,,
040034,华安月安鑫B,债券型基金,中低风险,1 ,,0.00%,,0.00%,,,
040180,华安上证180ETF联接指数,股票型基金,高风险,暂无,100万以下,1.00%,1年以内,0.50%,,,
,,,,,100万(含)-300万,0.80%,1年(含)-2年,0.25%,,,
,,,,,300万(含)-500万,0.40%,2年及以上,0.00%,,,
,,,,,500万及以上,1000元 ,,,,,
040190,华安上证龙头ETF联接,股票型基金,中高风险,100 ,100万以下,1.20%,1年以内,0.50%,,,
,,,,,100万(含)-500万,0.50%,1年(含)-2年,0.25%,"华安基金管理公司
4008850099",,
,,,,,500万及以上,1000元 ,2年及以上,0.00%,,,
160415,华安深证300,股票型基金,中高风险,300,100万以下,1.20%,1年以内,0.50%,,,
,,,,,100万(含)-300万,0.80%,1年(含)-2年,0.25%,,,
,,,,,300万(含)-500万,0.40%,2年及以上,0.00%,,,
,,,,,500万及以上,1000元 ,,,,,
160416,华安标普全球石油,指数基金,高风险,300,100万以下,1.20%,1年以内,0.50%,,,
,,,,,100万(含)-300万,0.80%,1年(含)-2年,0.25%,,,
,,,,,300万(含)-500万,0.40%,2年及以上,0.00%,,,
,,,,,500万及以上,1000元 ,,,,,
000072,华安保本混合,混合型,中风险,100,M<100万,1.20%,547天以内,2.00%,,,
,,,,,100万≤M<300万,0.80%,547天（含）-1095天,1.00%,,,
,,,,,300万≤M<500万,0.40%,1095天及以上,0.00%,,,
,,,,,M≥500万,1000元,,,,,
040035,华安逆向策略股票,股票型,中高风险,100,M<100万,1.50%,365天以内,0.50%,,,
,,,,,100万≤M<300万,1.20%,365天（含）--730天,0.25%,,,
,,,,,300万≤M<500万,0.80%,730天及以上,0.00%,,,
,,,,,M≥500万,1000元,,,,,
000294,华安生态优先股票,股票型,中高风险,100,M<100万,1.50%,Y＜365天,0.50%,,,
,,,,,100万≤M<300万,1.20%,365天≤Y＜730天,0.25%,,,
,,,,,300万≤M<500万,0.80%,Y≥730天,0.00%,,,
,,,,,M≥500万,1000元,,,,,
040045,华安信用增强债券,债券型,中风险,100,M<100万,0.80%,180天以内,1.50%,,,
,,,,,100万≤M<300万,0.50%,180天（含）--365天,1.20%,,,
,,,,,300万≤M<500万,0.30%,365（含）天--730天,0.70%,,,
,,,,,M≥500万,1000元,730天及以上,0.00%,,,
002181,华安大安全主题混合,混合型,中高风险,暂无,M<100万,1.20%,Y<7天,1.50%,,,
,,,,,100万≤M<300万,1.00%,,,,,
,,,,,300万≤M<500万,0.60%,7天《Y<30天,0.75%,,,
,,,,,M≥500万,1000元,,,,,
,,,,,M<100万（申购）,1.50%,30天《Y<1年,0.50%,,,
,,,,,100万≤M<300万（申购）,1.20%,,,,,
,,,,,300万≤M<500万（申购）,0.80%,1年《Y<2年,0.25%,,,
,,,,,M≥500万（申购）,1000元,Y》2年,0.00%,,,
002398,华安安禧保本混合A,混合型,低风险,暂无,M<100万,1.20%,1.5年以内（非提前到期）,1.5%,,,
,,,,,100万≤M<300万,0.70%,1.5年（含）-2.5年（非提前到期）,1.00%,,,
,,,,,300万≤M<500万,0.30%,2.5年及以上（非提前到期）,0.00%,,,
,,,,,M≥500万,1000元,7日以内（提前到期）,1.50%,,,
,,,,,,,7-30日（提前到期）,0.75%,,,
,,,,,,,30-180日（提前到期）,0.50%,,,
,,,,,,,180日及以上（提前到期）,0.00%,,,
002399,华安安禧保本混合C,混合型,低风险,暂无,,0.00%,1.5年以内（非提前到期）,1.50%,,,
,,,,,,,1.5年-2.5年（非提前到期）,1.00%,,,
,,,,,,,2.5年及以上（非提前到期）,0.00%,,,
,,,,,,,30天（含）以内（提前到期）,0.50%,,,
,,,,,,,30天及以上（提前到期）,0.00%,,,
160421,华安智增精选混合,混合型,中高风险,暂无,M<100万（认、申购）,1.50%,7日以内,1.50%,,,
,,,,,100万≤M<500万（认、申购）,1%,7-30日,0.75%,,,
,,,,,500万≤M<1000万（认、申购）,0.40%,30-90日,0.50%,,,
,,,,,M≥1000万（认、申购）,1000元,90-180日,0.50%,,,
,,,,,,,180日以上,0.00%,,,
005136,华安幸福生活,混合型,中高风险,暂无,M<100万认购,0.012,Y＜7天,1.50%,,,
,,,,,100万≤M<500万 认购,0.01,7天≤Y＜30天,0.75%,,,
,,,,,500万≤M<1000万认购）,0.006,30天≤Y＜1年,0.50%,,,
,,,,,M≥1000万（认购,每笔1000元,1年≤Y＜2年,0.25%,,,
,,,,,,,Y≥2年,0.00%,,,
,,,,,M<100万申购,0.015,,,,,
,,,,,100万≤M<300万申购,0.012,,,,,
,,,,,300万≤M<500万申购,0.008,,,,,
,,,,,M≥500万申购,每笔1000元,,,,,
070001,嘉实成长收益混合,混合基金,中风险,100,100万以下,1.50%,1年以内,0.50%,"嘉实基金管理公司
4006008800",,
,,,,,100万(含)-500万,1.20%,1年(含)-2年,0.25%,,,
,,,,,500万及以上,1000元 ,2年及以上,0.00%,,,
070002,嘉实增长混合,混合基金,中高风险,100,100万以下,1.50%,1年以内,0.50%,,,
,,,,,100万(含)-500万,1.20%,1年(含)-2年,0.25%,,,
,,,,,500万及以上,1000元 ,2年及以上,0.00%,,,
070003,嘉实稳健混合,混合基金,高风险,100,100万以下,1.50%,1年以内,0.50%,,,
,,,,,100万(含)-500万,1.20%,1年(含)-2年,0.25%,,,
,,,,,500万及以上,1000元 ,2年及以上,0.00%,,,
070005,嘉实债券,债券型基金,中风险,100,100万以下,0.80%,1年以内,0.30%,,,
,,,,,100万(含)-500万,0.60%,1年(含)-2年,0.15%,,,
,,,,,500万及以上,1000元 ,2年及以上,0.00%,,,
070006,嘉实服务增值行业混合,混合基金,中高风险,100,100万以下,1.50%,1年以内,0.50%,,,
,,,,,100万(含)-500万,1.20%,1年(含)-2年,0.25%,,,
,,,,,500万及以上,1000元 ,2年及以上,0.00%,,,
070008,嘉实货币A,货币基金,低风险,100 ,,0.00%,,0.00%,,,
070088,嘉实货币B,货币基金,低风险,100 ,,0.00%,,0.00%,,,
070009,嘉实超短债债券,债券型基金,中低风险,300 ,,0.00%,,0.00%,,,
070010,嘉实主题混合,混合基金,中高风险,100,50万以下,1.50%,1年以内,0.50%,,,
,,,,,50万(含)-200万,1.20%,1年(含)-2年,0.25%,,,
,,,,,200万(含)-500万,0.80%,2年及以上,0.00%,,,
,,,,,500万及以上,1000元 ,,,,,
070011,嘉实策略混合,混合基金,中高风险,100,100万以下,1.50%,1年以内,0.50%,,,
,,,,,100万(含)-500万,1.00%,1年(含)-2年,0.25%,,,
,,,,,500万(含)-1000万,0.30%,2年及以上,0.00%,"嘉实基金管理公司
4006008800",,
,,,,,1000万及以上,1000元 ,,,,,
070012,嘉实海外中国股票(QDII),股票型基金,高风险,100,50万以下,1.50%,1年以内,0.50%,,,
,,,,,50万(含)-200万,1.20%,1年(含)-2年,0.30%,,,
,,,,,200万(含)-500万,0.80%,2年及以上,0.00%,,,
,,,,,500万及以上,1000元 ,,,,,
070013,嘉实研究精选股票,股票型基金,中高风险,100,50万以下,1.50%,1年以内,0.50%,,,
,,,,,50万(含)-200万,1.20%,1年(含)-2年,0.25%,,,
,,,,,200万(含)-500万,0.80%,2年及以上,0.00%,,,
,,,,,500万及以上,1000元 ,,,,,
070015,嘉实多元债券A,债券型基金,中风险,100,100万以下,0.80%,90天以内,0.30%,,,
,,,,,100万(含)-300万,0.50%,90天及以上,0.00%,,,
,,,,,300万(含)-500万,0.30%,,,,,
,,,,,500万及以上,1000元 ,,,,,
070016,嘉实多元债券B,债券型基金,中风险,100 ,,0.00%,,0.00%,,,
070017,嘉实量化阿尔法股票,股票型基金,中高风险,100,50万以下,1.50%,1年以内,0.50%,,,
,,,,,50万(含)-200万,1.20%,1年(含)-2年,0.25%,,,
,,,,,200万(含)-500万,0.80%,2年及以上,0.00%,,,
,,,,,500万及以上,1000元 ,,,,,
070018,嘉实回报混合,混合基金,中高风险,暂无,50万以下,1.50%,1年以内,0.50%,,,
,,,,,50万(含)-200万,1.20%,1年(含)-2年,0.25%,,,
,,,,,200万(含)-500万,0.80%,2年及以上,0.00%,,,
,,,,,500万及以上,1000元 ,,,,,
070019,嘉实价值优势股票,股票型基金,中高风险,100,50万以下,1.50%,1年以内,0.50%,,,
,,,,,50万(含)-200万,1.20%,1年(含)-2年,0.25%,,,
,,,,,200万(含)-500万,0.80%,2年及以上,0.00%,,,
,,,,,500万及以上,1000元 ,,,,,
070020,嘉实稳固收益债券,债券型基金,中风险,100,,0.00%,90天以内,0.80%,,,
,,,,,,,90天（含）-1年,0.30%,"嘉实基金管理公司
4006008800",,
,,,,,,,1年(含)-2年,0.20%,,,
,,,,,,,2年及以上,0.10%,,,
070021,嘉实主题新动力股票,股票型基金,中高风险,100,100万以下,1.50%,1年以内,0.50%,,,
,,,,,100万(含)-200万,1.00%,1年(含)-2年,0.25%,,,
,,,,,200万(含)-500万,0.60%,2年及以上,0.00%,,,
,,,,,500万及以上,1000元 ,,,,,
070022,嘉实领先成长,股票型基金,中高风险,100,100万以下,1.50%,1年以内,0.50%,,,
,,,,,100万(含)-200万,1.00%,1年(含)-2年,0.25%,,,
,,,,,200万(含)-500万,0.60%,2年及以上,0.00%,,,
,,,,,500万及以上,1000元 ,,,,,
070023,嘉实深证基本面120ETF联接,股票型基金,中高风险,100,50万以下,1.20%,1年以内,0.50%,,,
,,,,,50万(含)-200万,0.80%,1年(含)-2年,0.25%,,,
,,,,,200万(含)-500万,0.40%,2年及以上,0.00%,,,
,,,,,500万及以上,1000元 ,,,,,
070025,嘉实信用A,债券型基金,中风险,100,100万以下,0.80%,1年以内,0.10%,,,
,,,,,100万(含)-300万,0.50%,1年(含)-2年,0.05%,,,
,,,,,300万(含)-500万,0.30%,2年及以上,0.00%,,,
,,,,,500万及以上,1000元 ,,,,,
070026,嘉实信用C,债券型基金,中风险,100 ,,0.00%,30天以内,0.10%,,,
,,,,,,,30天及以上,0.00%,,,
070027,嘉实周期优选,股票型基金,中高风险,100,100万以下,1.50%,1年以内,0.50%,,,
,,,,,100万(含)-200万,1.00%,1年(含)-2年,0.25%,,,
,,,,,200万(含)-500万,0.60%,2年及以上,0.00%,,,
,,,,,500万及以上,1000元 ,,,,,
070028,嘉实安心货币A,货币基金,中低风险,100 ,,0.00%,,0.00%,,,
070029,嘉实安心货币B,货币基金,中低风险,100 ,,0.00%,,0.00%,,,
070030,嘉实中创400ETF联接,股票型基金,高风险,100,100万以下,1.20%,1年以内,0.50%,,,
,,,,,100万(含)-200万,0.80%,1年(含)-2年,0.25%,,,
,,,,,200万(含)-500万,0.40%,2年及以上,0.00%,,,
,,,,,500万及以上,1000元 ,,,,,
070099,嘉实优质企业股票,股票型基金,高风险,100,50万以下,1.50%,1年以内,0.50%,,,
,,,,,50万(含)-200万,1.20%,1年(含)-2年,0.25%,,,
,,,,,200万(含)-500万,0.80%,2年及以上,0.00%,,,
,,,,,500万及以上,1000元 ,,,,,
160706,嘉实沪深300指数（LOF）,股票型基金,高风险,200,50万以下,1.50%,1年以内,0.50%,,,
,,,,,50万(含)-200万,1.20%,1年(含)-2年,0.25%,,,
,,,,,200万(含)-500万,1.00%,2年及以上,0.00%,,,
,,,,,500万及以上,1000元 ,,,,,
160716,嘉实基本面50指数（LOF）,股票型基金,高风险,100,100万以下,1.20%,1年以内,0.50%,,,
,,,,,100万(含)-200万,0.80%,1年(含)-2年,0.25%,,,
,,,,,200万(含)-500万,0.40%,2年及以上,0.00%,,,
,,,,,500万及以上,1000元 ,,,,,
160717,嘉实恒生国企指数LOF,股票型基金,中高风险,100,50万以下,1.50%,1年以内,0.50%,,,
,,,,,50万(含)-200万,1.20%,1年(含)-2年,0.25%,,,
,,,,,200万(含)-500万,0.80%,2年及以上,0.00%,,,
,,,,,500万及以上,1000元 ,,,,,
160718,嘉实多利分级,债券型基金,中风险,100,100万以下,0.80%,30天以内,0.30%,,,
,,,,,100万(含)-200万,0.50%,30天(含)-2年,0.05%,,,
,,,,,200万(含)-500万,0.30%,2年及以上,0.00%,,,
,,,,,500万及以上,1000元 ,,,,,
160719,嘉实黄金（QDII-FOF-LOF）,QDII基金,高风险,100,100万以下,0.80%,1年以内,0.50%,,,
,,,,,100万(含)-200万,0.50%,1年(含)-2年,0.30%,,,
,,,,,200万(含)-500万,0.30%,2年及以上,0.00%,,,
,,,,,500万及以上,1000元 ,,,,,
070032,嘉实优化红利,混合基金,中高风险,暂无,100万以下,1.50%,1年以内,0.50%,,,
,,,,,100万(含)-200万,1.00%,1年(含)-2年,0.25%,,,
,,,,,200万(含)-500万,0.60%,2年及以上,0.00%,,,
005156,嘉实领航资产配置FOFA,混合型,中低风险,暂无,M＜100万元认购,0.6%,N<30天,1.5%,,,
,,,,,100 万元≤M＜200万元认购,0.4%,30天≤N<180天,0.75%,,,
,,,,,200 万元≤M＜500万元认购,0.2%,180天≤N<365天,0.5%,,,
,,,,,M≥500万元认购,1000 元/笔,N≥365天,0%,,,
,,,,,,,,,,,
,,,,,M<100万元申购,0.8%,,,,,
,,,,,100万≤M＜200万元申购,0.5,,,,,
,,,,,200万≤M＜500万元申购,0.3,,,,,
,,,,,M≥500万元申购,单笔1000元,,,,,
005157,嘉实领航资产配置FOFC,混合型,中低风险,暂无,不收费,,N<7天,1.5%,,,
,,,,,,,7天≤N<30天,0.5%,,,
,,,,,,,N≥30天,0%,,,
000001,华夏成长混合,混合基金,中高风险,300,100万以下,1.80%,,0.50%,"华夏基金管理公司
4008186666",,
,,,,,100万(含)-500万,1.50%,,,,,
,,,,,500万及以上,1.20%,,,,,
000011,华夏大盘精选混合,混合基金,中风险,暂无,100万以下,1.50%,,0.50%,,,
,,,,,100万(含)-500万,1.20%,,,,,
,,,,,500万及以上,1.00%,,,,,
000021,华夏优势增长股票,股票型基金,中高风险,300,100万以下,1.50%,,0.50%,,,
,,,,,100万(含)-500万,1.20%,,,,,
,,,,,500万(含)-1000万,0.80%,,,,,
,,,,,1000万及以上,1000元 ,,,,,
000031,华夏复兴股票基金,股票型基金,中高风险,暂无,100万以下,1.50%,,0.50%,,,
,,,,,100万(含)-500万,1.20%,,,,,
,,,,,500万(含)-1000万,0.80%,,,,,
,,,,,1000万及以上,1000元 ,,,,,
000041,华夏全球股票（QDII）,股票型基金,高风险,300,100万以下,1.60%,,0.50%,,,
,,,,,100万(含)-500万,1.30%,,,,,
,,,,,500万(含)-1000万,0.90%,,,,,
,,,,,1000万及以上,1000元 ,,,,,
000051,华夏沪深300指数,股票型基金,中高风险,300,100万以下,1.20%,1年以内,0.50%,,,
,,,,,100万(含)-500万,0.90%,1年及以上,0.00%,,,
,,,,,500万(含)-1000万,0.60%,,,,,
,,,,,1000万及以上,1000元 ,,,,,
000061,华夏盛世精选股票,股票型基金,高风险,暂无,100万以下,1.50%,,0.50%,,,
,,,,,100万(含)-500万,1.20%,,,,,
,,,,,500万(含)-1000万,0.80%,,,,,
,,,,,1000万及以上,1000元 ,,,,,
001001,华夏债券A,债券型基金,中低风险,300,100万以下,1.00%,,0.00%,,,
,,,,,100万及以上,0.80%,,,,,
001003,华夏债券C,债券型基金,中低风险,300 ,,0.00%,,0.00%,,,
001011,华夏希望债券A,债券型基金,中低风险,300,100万以下,1.00%,30天以内,0.10%,"华夏基金管理公司
4008186666",,
,,,,,100万(含)-500万,0.80%,30天及以上,0.00%,,,
,,,,,500万(含)-1000万,0.50%,,,,,
,,,,,1000万及以上,1000元 ,,,,,
001013,华夏希望债券C,债券型基金,中低风险,300,,0.00%,30天以内,0.10%,,,
,,,,,,,30天及以上,0.00%,,,
002001,华夏回报混合,混合基金,中风险,300,100万以下,1.50%,,0.50%,,,
,,,,,100万(含)-500万,1.20%,,,,,
,,,,,500万及以上,1.00%,,,,,
002011,华夏红利混合,混合基金,中风险,暂无,100万以下,1.50%,,0.50%,,,
,,,,,100万(含)-500万,1.20%,,,,,
,,,,,500万(含)-1000万,0.80%,,,,,
,,,,,1000万及以上,500元 ,,,,,
002021,华夏回报二号混合,混合基金,中风险,300,100万以下,2.00%,,0.50%,,,
,,,,,100万(含)-500万,1.60%,,,,,
,,,,,500万(含)-1000万,1.00%,,,,,
,,,,,1000万及以上,1000元 ,,,,,
002031,华夏策略混合,混合基金,中风险,暂无,100万以下,1.50%,,0.50%,,,
,,,,,100万(含)-500万,1.20%,,,,,
,,,,,500万(含)-1000万,0.80%,,,,,
,,,,,1000万及以上,1000元 ,,,,,
003003,华夏现金增利货币,货币基金,中低风险,300 ,,0.00%,,0.00%,,,
160311,华夏蓝筹混合（LOF）,混合基金,中高风险,300,100万以下,1.50%,,0.50%,,,
,,,,,100万(含)-500万,1.20%,,,,,
,,,,,500万(含)-1000万,0.80%,,,,,
,,,,,1000万及以上,1000元 ,,,,,
160314,华夏行业股票（LOF）,股票型基金,中高风险,300 ,100万以下,1.50%,,0.50%,,,
,,,,,100万(含)-500万,1.20%,,,,,
,,,,,500万(含)-1000万,0.80%,,,,,
,,,,,1000万及以上,1000元 ,,,,,
519029,华夏稳增混合,混合基金,中高风险,300 ,100万以下,1.50%,1年以内,0.50%,,,
,,,,,100万(含)-500万,1.20%,1年(含)-2年,0.25%,,,
,,,,,500万(含)-1000万,0.80%,2年及以上,0.00%,,,
,,,,,1000万及以上,500元 ,,,,,
005218,华夏聚惠稳健目标FOFA,混合基金,中低风险,暂无,50万元以下认购,0.008,7天以内,1.50%,,,
,,,,,50万元以上（含50万元）-200万元以下认购,0.006,7天(含)-30天,0.75%,,,
,,,,,200万元以上（含200万元）-500万元以下认购,0.004,30天(含)-180天,0.50%,,,
,,,,,500万元以上（含500万元）认购,1000元/笔,180天（含）以上,0.00%,,,
,,,,,50万元以下申购,0.01,,,,,
,,,,,50万元以上（含50万元）-200万元以下申购,0.008,,,,,
,,,,,200万元以上（含200万元）-500万元以下申购,0.006,,,,,
,,,,,500万元以上（含500万元）申购,1000元/笔 ,,,,,
005219,华夏聚惠稳健目标FOFC,混合基金,中低风险,暂无,不收费,,7天以内,1.50%,,,
,,,,,,,7天(含)-30天,0.75%,,,
,,,,,,,30天（含）以上,0.00%,,,
688888,浙商聚潮产业,股票型基金,中风险,暂无,100万以下,1.20%,1年以内,0.50%,"浙商基金管理公司
4006321321",,
,,,,,100万(含)-200万,1.00%,1年(含)-2年,0.25%,,,
,,,,,200万(含)-500万,0.60%,2年及以上,0.00%,,,
,,,,,500万及以上,1000元 ,,,,,
166801,浙商聚潮新思维混合,混合基金,中高风险,100 ,100万以下,1.50%,1年以内,0.50%,,,
,,,,,100万(含)-200万,1.20%,1年(含)-2年,0.25%,,,
,,,,,200万(含)-500万,0.80%,2年及以上,0.00%,,,
,,,,,500万及以上,1000元 ,,,,,
166802,浙商沪深300指数分级,指数基金,高风险,100 ,100万以下,1.20%,1年以内,0.50%,,,
,,,,,100万(含)-200万,0.80%,1年(含)-2年,0.25%,,,
,,,,,200万(含)-500万,0.40%,2年及以上,0.00%,,,
,,,,,500万及以上,1000元 ,,,,,
630001,华商领先企业,混合基金,中高风险,100 ,50万以下,1.50%,1年以内,0.50%,"华商基金管理公司
4007008880",,
,,,,,50万(含)-200万,1.20%,1年(含)-2年,0.25%,,,
,,,,,200万(含)-500万,0.80%,2年及以上,0.00%,,,
,,,,,500万及以上,1000元 ,,,,,
630002 ,华商盛世成长,混合型基金,中风险,100 ,50万以下,1.50%,1年以内,0.50%,,,
,,,,,50万(含)-200万,1.20%,1年(含)-2年,0.25%,,,
,,,,,200万(含)-500万,0.80%,2年及以上,0.00%,,,
,,,,,500万及以上,1000元 ,,,,,
630003,华商收益增强A类,债券型基金,中高风险,100 ,100万以下,0.80%,1年以内,0.10%,,,
,,,,,100万(含)-300万,0.50%,1年(含)-2年,0.05%,,,
,,,,,300万(含)-500万,0.30%,2年及以上,0.00%,"华商基金管理公司
4007008880",,
,,,,,500万及以上,1000元 ,,,,,
630103,华商收益增强B类,债券型基金,中风险,100,,0.00%,,0.00%,,,
630005,华商动态阿尔法,混合基金,中风险,100 ,50万以下,1.50%,1年以内,0.50%,,,
,,,,,50万(含)-200万,1.20%,1年(含)-2年,0.25%,,,
,,,,,200万(含)-500万,0.80%,2年及以上,0.00%,,,
,,,,,500万及以上,1000元 ,,,,,
630006 ,华商产业升级,混合型基金,中高风险,100 ,50万以下,1.50%,1年以内,0.50%,,,
,,,,,50万(含)-200万,1.20%,1年(含)-2年,0.25%,,,
,,,,,200万(含)-500万,0.80%,2年及以上,0.00%,,,
,,,,,500万及以上,1000元 ,,,,,
630007,华商稳健双利,债券型基金,中高风险,100 ,100万以下,0.80%,1年以内,0.10%,,,
,,,,,100万(含)-300万,0.50%,1年(含)-2年,0.05%,,,
,,,,,300万(含)-500万,0.30%,2年及以上,0.00%,,,
,,,,,500万及以上,1000元 ,,,,,
630107,华商稳健双利B类,债券型基金,中高风险,100,,0.00%,,0.00%,,,
630008,华商策略精选,混合基金,中高风险,100 ,50万以下,1.50%,1年以内,0.50%,,,
,,,,,50万(含)-200万,1.20%,1年(含)-2年,0.25%,,,
,,,,,200万(含)-500万,0.80%,2年及以上,0.00%,,,
,,,,,500万及以上,1000元 ,,,,,
630009,华商稳定增利A,债券型基金,中风险,100 ,100万以下,0.80%,1年以内,0.10%,,,
,,,,,100万(含)-300万,0.50%,1年(含)-2年,0.05%,,,
,,,,,300万(含)-500万,0.30%,2年及以上,0.00%,,,
,,,,,500万及以上,1000元 ,,,,,
630109,华商稳定增利C,债券型基金,中风险,100,,0.00%,,0.00%,,,
630010 ,华商价值精选,混合型基金,高风险,100 ,50万以下,1.50%,1年以内,0.50%,,,
,,,,,50万(含)-200万,1.20%,1年(含)-2年,0.25%,,,
,,,,,200万(含)-500万,0.80%,2年及以上,0.00%,,,
,,,,,500万及以上,1000元 ,,,"华商基金管理公司
4007008880",,
630011 ,华商主题精选,混合型基金,高风险,100 ,50万以下,1.50%,1年以内,0.50%,,,
,,,,,50万(含)-200万,1.20%,1年(含)-2年,0.25%,,,
,,,,,200万(含)-500万,0.80%,2年及以上,0.00%,,,
,,,,,500万及以上,1000元 ,,,,,
000541,华商创新成长,混合型,中高风险,100,100万以下,1.50%,7日以内,1.50%,,,
,,,,,100万（含）-200万元,1.20%,7日（含）-30日,0.75%,,,
,,,,,200万（含）-500万元,0.80%,30日(含)-1年,0.50%,,,
,,,,,500万及以上,1000元,1年（含）-2年,0.25%,,,
,,,,,,,2年及以上,0.00%,,,
630015,华商大盘量化,混合型,中高风险,100 ,50万以下,1.50%,1年以下,0.50%,,,
,,,,,50万（含）-100万,1.20%,1年（含）-2年,0.25%,,,
,,,,,100万（含）-300万元,0.80%,2年及以上,0.00%,,,
,,,,,300万及以上,1000元,,,,,
630016,华商价值共享,混合型,中高风险,100 ,50万以下,1.50%,1年以下,0.50%,,,
,,,,,50万（含）-100万,1.20%,1年（含）-2年,0.25%,,,
,,,,,100万（含）-300万元,0.80%,2年及以上,0.00%,,,
,,,,,300万及以上,1000元,,,,,
460001,华泰柏瑞盛世中国,股票型基金,高风险,100,50万以下,1.50%,1年以内,0.50%,"华泰柏瑞基金管理有限公司
4008880001",,
,,,,,50万(含)-100万,1.20%,1年(含)-2年,0.25%,,,
,,,,,100万(含)-200万,1.00%,2年及以上,0.00%,,,
,,,,,200万(含)-500万,0.60%,,,,,
,,,,,500万及以上,1000元 ,,,,,
004394,华泰柏瑞量化创优,混合型,高风险,暂无,100万以下（认购）,1.20%,0-7天,1.50%,,,
,,,,,100万(含)-300万（认购）,0.80%,7(含）--30天,0.75%,,,
,,,,,300万(含)-500万（认购）,0.60%,30（含）--365天,0.50%,,,
,,,,,500万及以上（认购）,1000元,365（含）天--730天,0.25%,,,
,,,,,100万以下,1.50%,730天以上,0.00%,,,
,,,,,100万(含)-300万,1.00%,,,,,
,,,,,300万(含)-500万,0.80%,,,,,
,,,,,500万及以上,1000元,,,,,
460002,华泰柏瑞积极成长,混合基金,中高风险,100,50万以下,1.50%,1年以内,0.50%,,,
,,,,,50万(含)-100万,1.20%,1年(含)-2年,0.25%,,,
,,,,,100万(含)-200万,1.00%,2年及以上,0.00%,,,
,,,,,200万(含)-500万,0.60%,,,,,
,,,,,500万及以上,1000元 ,,,,,
460003,华泰柏瑞稳本增利B,债券型基金,中风险,100,,0.00%,30天以内,0.30%,,,
,,,,,,,30天(含)-1年,0.15%,,,
,,,,,,,1年及以上,0.00%,,,
460005,华泰柏瑞价值增长,股票型基金,高风险,100,50万以下,1.50%,1年以内,0.50%,,,
,,,,,50万(含)-100万,1.20%,1年(含)-2年,0.25%,,,
,,,,,100万(含)-200万,1.00%,2年及以上,0.00%,,,
,,,,,200万(含)-500万,0.60%,,,,,
,,,,,500万及以上,1000元 ,,,,,
460006,华泰柏瑞货币A,货币基金,中低风险,暂无,,0.00%,,0.00%,,,
460106,华泰柏瑞货币B,货币基金,中低风险,100,,0.00%,,0.00%,,,
460007,华泰柏瑞行业领先,股票型基金,高风险,100,100万以下,1.50%,1年以内,0.50%,,,
,,,,,100万(含)-300万,1.20%,1年(含)-2年,0.25%,,,
,,,,,300万(含)-500万,0.60%,2年及以上,0.00%,,,
,,,,,500万及以上,1000元 ,,,,,
460009,华泰柏瑞量化先行,股票型基金,高风险,100,50万以下,1.50%,1年以内,0.50%,,,
,,,,,50万(含)-200万,1.20%,1年(含)-2年,0.25%,,,
,,,,,200万(含)-500万,0.80%,2年及以上,0.00%,,,
,,,,,500万及以上,1000元 ,,,,,
460010,华泰柏瑞亚洲,股票型基金,高风险,100,50万以下,1.60%,1年以内,0.50%,,,
,,,,,50万(含)-100万,1.20%,1年(含)-2年,0.25%,,,
,,,,,100万(含)-200万,1.00%,2年及以上,0.00%,,,
,,,,,200万(含)-500万,0.60%,,,,,
,,,,,500万及以上,1000元 ,,,,,
460220,华泰柏瑞中小盘ETF联,股票型基金,高风险,100,100万以下,1.50%,1年以内,0.50%,,,
,,,,,100万(含)-500万,0.70%,1年(含)-2年,0.25%,,,
,,,,,500万及以上,1000元 ,2年及以上,0.00%,,,
460300,华泰柏瑞沪深300ETF,股票型基金,高风险,100,100万以下,1.00%,1年以内,0.50%,,,
,,,,,100万(含)-500万,0.60%,1年(含)-2年,0.25%,,,
,,,,,500万及以上,1000元 ,2年及以上,0.00%,,,
519519,华泰柏瑞稳本增利A,债券型基金,中风险,100,50万以下,0.80%,30天以内,0.30%,,,
,,,,,50万(含)-100万,0.60%,30天及以上,0.00%,,,
,,,,,100万(含)-200万,0.40%,,,,,
,,,,,200万(含)-500万,0.20%,,,,,
,,,,,500万及以上,1000元 ,,,,,
350004,天治天得利,货币基金,中低风险,100,,0.00%,,0.00%,"天治基金管理有限公司
4000984800",,
350005,天治中国制造2025,混合基金,中风险,100,25万以下,1.50%,1年以内,0.50%,,,
,,,,,25万(含)-100万,1.00%,1年(含)-2年,0.30%,,,
,,,,,100万(含)-500万,0.50%,2年及以上,0.00%,,,
,,,,,500万及以上,1200元 ,,,,,
350006,天治稳健双盈,债券型基金,中风险,100,,0.00%,60天以内,0.10%,,,
,,,,,,,60天及以上,0.00%,,,
350007,天治趋势精选,混合基金,中风险,100,25万以下,1.50%,1年以内,0.50%,,,
,,,,,25万(含)-100万,1.00%,1年(含)-2年,0.30%,,,
,,,,,100万(含)-500万,0.50%,2年及以上,0.00%,,,
,,,,,500万及以上,1200元 ,,,,,
350009,天治研究驱动混合,混合型基金,中风险,100,100万以下,0.80%,1年以内,0.10%,,,
,,,,,100万(含)-300万,0.50%,1年(含)-2年,0.05%,,,
,,,,,300万(含)-500万,0.30%,2年及以上,0.00%,,,
,,,,,500万及以上,1000元 ,,,,,
519087,新华优选分红,混合基金,中风险,300,100万以下,1.20%,1年以内,0.50%,"新华基金管理有限公司
4008198866",,
,,,,,100万(含)-200万,1.00%,1年(含)-2年,0.30%,,,
,,,,,200万(含)-500万,0.70%,2年(含)-3年,0.10%,,,
,,,,,500万及以上,1000元,3年及以上,0.00%,,,
519089,新华优选成长,混合型基金,中风险,300,100万以下,1.50%,1年以内,0.50%,,,
,,,,,100万(含)-200万,1.20%,1年(含)-2年,0.30%,,,
,,,,,200万(含)-500万,0.80%,2年(含)-3年,0.10%,,,
,,,,,500万及以上,1000元,3年及以上,0.00%,,,
519091,新华泛资源优势,混合基金,中风险,300,100万以下,1.50%,1年以内,0.50%,,,
,,,,,100万(含)-200万,1.20%,1年(含)-2年,0.30%,,,
,,,,,200万(含)-500万,0.80%,2年(含)-3年,0.10%,,,
,,,,,500万及以上,1000元,3年及以上,0.00%,,,
519093,新华钻石品质,混合型基金,中风险,300,100万以下,1.50%,1年以内,0.50%,,,
,,,,,100万(含)-200万,1.20%,1年(含)-2年,0.30%,,,
,,,,,200万(含)-500万,0.80%,2年(含)-3年,0.10%,,,
,,,,,500万及以上,1000元,3年及以上,0.00%,,,
519095,新华行业周期轮换,混合型基金,中风险,300,100万以下,1.50%,1年以内,0.50%,,,
,,,,,100万(含)-200万,1.20%,1年(含)-2年,0.30%,,,
,,,,,200万(含)-500万,0.80%,2年(含)-3年,0.10%,,,
,,,,,500万及以上,1000元,3年及以上,0.00%,,,
519097,新华中小市值优选,混合型基金,中风险,300,100万以下,1.50%,1年以内,0.50%,,,
,,,,,100万(含)-200万,1.20%,1年(含)-2年,0.30%,,,
,,,,,200万(含)-500万,0.80%,2年(含)-3年,0.10%,,,
,,,,,500万及以上,1000元,3年及以上,0.00%,,,
519099,新华灵活主题,混合型基金,中风险,300,100万以下,1.50%,1年以内,0.50%,,,
,,,,,100万(含)-200万,1.20%,1年(含)-2年,0.30%,,,
,,,,,200万(含)-500万,0.80%,2年(含)-3年,0.10%,,,
,,,,,500万及以上,1000元,3年及以上,0.00%,,,
519150,新华优选消费,混合型基金,中风险,300,100万以下,1.50%,1年以内,0.50%,,,
,,,,,100万(含)-200万,1.20%,1年(含)-2年,0.30%,,,
,,,,,200万(含)-500万,0.80%,2年(含)-3年,0.10%,,,
,,,,,500万及以上,1000元,3年及以上,0.00%,,,
519152,新华纯债添利A,债券型基金,中风险,300,100万以下,0.80%,30天以内,0.75%,,,
,,,,,100万(含)-200万,0.50%,30天(含)-1年,0.10%,,,
,,,,,200万(含)-500万,0.30%,1年(含)-2年,0.05%,,,
,,,,,500万及以上,1000元,2年及以上,0.00%,,,
519153,新华纯债添利C,债券型基金,中风险,300,,0.00%,30天以内,0.75%,,,
,,,,,,,30天及以上,0.00%,,,
519156,新华行业轮换,混合型基金,中风险,300,100万以下,1.50%,1年以内,0.50%,,,
,,,,,100万(含)-200万,1.20%,1年(含)-2年,0.30%,,,
,,,,,200万(含)-500万,0.80%,2年(含)-3年,0.10%,,,
,,,,,500万及以上,1000元,3年及以上,0.00%,,,
519158,新华趋势领航,混合型基金,中风险,300,100万以下,1.50%,7日以内,1.50%,,,
,,,,,100万(含)-200万,1.20%,7日(含)-30日,0.75%,,,
,,,,,200万(含)-500万,0.80%,30日(含)-1年,0.50%,,,
,,,,,500万及以上,1000元,1年(含)-2年,0.30%,,,
,,,,,,,2年(含)-3年,0.10%,,,
,,,,,,,3年及以上,0.00%,,,
001826,国寿安保增金宝,货币型基金,低风险,1,,无,,无,国寿安保基金管理有限公司4009258258,,
001010,易方达增金宝货币,货币型基金,低风险,1,,无,,无,"易方达基金管理有限公司
4008818088",,
118002,易方达全球高端消费,股票型基金,中风险,100,100万以下,1.20%,1年以内,0.50%,,,
,,,,,100万(含)-500万,0.80%,1年(含)-2年,0.30%,,,
,,,,,500万(含)-1000万,0.02%,2年及以上,0.00%,,,
,,,,,1000万及以上,1000元 ,,,,,
118001,易方达亚洲精选,股票型基金,中高风险,100,100万以下,1.60%,1年以内,0.50%,,,
,,,,,100万(含)-500万,1.20%,1年(含)-2年,0.30%,,,
,,,,,500万(含)-1000万,0.30%,2年及以上,0.00%,,,
,,,,,1000万及以上,1000元 ,,,,,
110009,易方达价值精选,股票型基金,中风险,100,100万以下,1.50%,1年以内,0.50%,,,
,,,,,100万(含)-500万,1.20%,1年(含)-2年,0.25%,,,
,,,,,500万(含)-1000万,0.30%,2年及以上,0.00%,,,
,,,,,1000万及以上,1000元 ,,,,,
110013,易方达科翔,股票型基金,中风险,100,100万以下,1.50%,1年以内,0.50%,,,
,,,,,100万(含)-500万,1.20%,1年(含)-2年,0.25%,,,
,,,,,500万(含)-1000万,0.30%,2年及以上,0.00%,,,
,,,,,1000万及以上,1000元 ,,,,,
110029,易方达科讯,股票型基金,中风险,100,100万以下,1.50%,1年以内,0.50%,,,
,,,,,100万(含)-500万,1.20%,1年(含)-2年,0.25%,,,
,,,,,500万(含)-1000万,0.30%,2年及以上,0.00%,,,
,,,,,1000万及以上,1000元 ,,,,,
110022,易方达消费行业,股票型基金,中风险,100,100万以下,1.50%,1年以内,0.50%,,,
,,,,,100万(含)-500万,1.20%,1年(含)-2年,0.25%,,,
,,,,,500万(含)-1000万,0.30%,2年及以上,0.00%,,,
,,,,,1000万及以上,1000元 ,,,,,
110015,易方达行业领先,股票型基金,中风险,100,100万以下,1.50%,1年以内,0.50%,,,
,,,,,100万(含)-500万,1.20%,1年(含)-2年,0.25%,,,
,,,,,500万(含)-1000万,0.30%,2年及以上,0.00%,,,
,,,,,1000万及以上,1000元 ,,,,,
110023,易方达医疗行业,股票型基金,中风险,100,100万以下,1.50%,1年以内,0.50%,,,
,,,,,100万(含)-500万,1.20%,1年(含)-2年,0.25%,,,
,,,,,500万(含)-1000万,0.30%,2年及以上,0.00%,,,
,,,,,1000万及以上,1000元 ,,,,,
110011,易方达中小盘,股票型基金,中风险,100,100万以下,1.50%,1年以内,0.50%,,,
,,,,,100万(含)-500万,1.20%,1年(含)-2年,0.25%,,,
,,,,,500万(含)-1000万,0.30%,2年及以上,0.00%,,,
,,,,,1000万及以上,1000元 ,,,,,
110025,易方达资源行业,股票型基金,中高风险,100,100万以下,1.50%,1年以内,0.50%,,,
,,,,,100万(含)-500万,1.20%,1年(含)-2年,0.25%,,,
,,,,,500万(含)-1000万,0.30%,2年及以上,0.00%,,,
,,,,,1000万及以上,1000元 ,,,,,
110001,易方达平稳增长,混合基金,中风险,100,100万以下,1.50%,1年以内,0.50%,,,
,,,,,100万(含)-500万,1.20%,1年(含)-2年,0.25%,,,
,,,,,500万(含)-1000万,0.30%,2年及以上,0.00%,,,
,,,,,1000万及以上,1000元 ,,,"易方达基金管理有限公司
4008818088",,
110002,易方达策略成长,混合基金,中风险,100,100万以下,1.50%,1年以内,0.50%,,,
,,,,,100万(含)-500万,1.20%,1年(含)-2年,0.25%,,,
,,,,,500万(含)-1000万,0.30%,2年及以上,0.00%,,,
,,,,,1000万及以上,1000元 ,,,,,
110003,易方达上证50,混合基金,中高风险,100,100万以下,1.50%,1年以内,0.50%,,,
,,,,,100万(含)-500万,1.20%,1年(含)-2年,0.25%,,,
,,,,,500万(含)-1000万,0.30%,2年及以上,0.00%,,,
,,,,,1000万及以上,1000元 ,,,,,
110005,易方达积极成长,混合基金,中风险,100,100万以下,1.50%,1年以内,0.50%,,,
,,,,,100万(含)-500万,1.20%,1年(含)-2年,0.25%,,,
,,,,,500万(含)-1000万,0.30%,2年及以上,0.00%,,,
,,,,,1000万及以上,1000元 ,,,,,
112002,易方达策略二号,混合基金,中风险,100,100万以下,2.00%,1年以内,0.50%,,,
,,,,,100万(含)-500万,1.60%,1年(含)-2年,0.25%,,,
,,,,,500万(含)-1000万,1.00%,2年及以上,0.00%,,,
,,,,,1000万及以上,1000元 ,,,,,
110010,易方达价值成长,混合基金,中风险,100,100万以下,1.50%,1年以内,0.50%,,,
,,,,,100万(含)-500万,1.20%,1年(含)-2年,0.25%,,,
,,,,,500万(含)-1000万,0.30%,2年及以上,0.00%,,,
,,,,,1000万及以上,1000元 ,,,,,
110012,易方达科汇,混合基金,中风险,100,100万以下,1.50%,1年以内,0.50%,,,
,,,,,100万(含)-500万,1.20%,1年(含)-2年,0.25%,,,
,,,,,500万(含)-1000万,0.30%,2年及以上,0.00%,,,
,,,,,1000万及以上,1000元 ,,,,,
110026,易方达创业板ETF联接,指数型基金,中风险,100,100万以下,1.20%,1年以内,0.50%,,,
,,,,,100万(含)-500万,0.50%,1年(含)-2年,0.25%,,,
,,,,,500万(含)-1000万,0.10%,2年及以上,0.00%,,,
,,,,,1000万及以上,1000元 ,,,,,
110031,易方达H股ETF人民币,指数型基金,中高风险,100,100万以下,1.20%,1年以内,0.50%,,,
,,,,,100万(含)-200万,0.80%,1年(含)-2年,0.25%,,,
,,,,,200万(含)-500万,0.50%,2年及以上,0.00%,,,
,,,,,500万及以上,1000元 ,,,,,
003524,易深成指ETF联接,指数型基金,高风险,暂无,100万以下（认购）,0.80%,1年以内,0.50%,,,
,,,,,100万(含)-200万（认购）,0.60%,,,,,
,,,,,200万(含)-500万（认购）,0.30%,,,,,
,,,,,500万及以上（认购）,1000元 ,1年(含)-2年,0.25%,,,
,,,,,100万以下,1.00%,,,,,
,,,,,100万(含)-200万,0.80%,2年及以上,0.00%,,,
,,,,,200万(含)-500万,0.50%,,,,,
,,,,,500万及以上,1000元 ,,,,,
161130,易方达纳斯达克100指数,指数型基金,高风险,暂无,100万以下（认购）,1.00%,1年以内,0.50%,,,
,,,,,100万(含)-200万（认购）,0.60%,,,,,
,,,,,200万(含)-500万（认购）,0.30%,,,,,
,,,,,500万及以上（认购）,1000元 ,1年(含)-2年,0.25%,"易方达基金管理有限公司
4008818088",,
,,,,,100万以下,1.20%,,,,,
,,,,,100万(含)-200万,0.80%,2年及以上,0.00%,,,
,,,,,200万(含)-500万,0.50%,,,,,
,,,,,500万及以上,1000元 ,,,,,
110020,易方达沪深300ETF联接,指数型基金,中高风险,100,100万以下,1.20%,1年以内,0.50%,,,
,,,,,100万(含)-500万,0.80%,1年(含)-2年,0.25%,,,
,,,,,500万(含)-1000万,0.20%,2年及以上,0.00%,,,
,,,,,1000万及以上,1000元 ,,,,,
110030,易方达沪深300量化,指数型基金,中高风险,100,100万以下,1.50%,1年以内,0.50%,,,
,,,,,100万(含)-500万,1.20%,1年(含)-2年,0.25%,,,
,,,,,500万(含)-1000万,0.30%,2年及以上,0.00%,,,
,,,,,1000万及以上,1000元 ,,,,,
110021,易方达中盘ETF联接,指数型基金,中高风险,100,100万以下,1.20%,1年以内,0.50%,,,
,,,,,100万(含)-500万,0.50%,1年(含)-2年,0.25%,,,
,,,,,500万(含)-1000万,0.10%,2年及以上,0.00%,,,
,,,,,1000万及以上,1000元 ,,,,,
110019,易方达深证100ETF联接,指数型基金,中高风险,100,100万以下,1.20%,0天-90天,0.50%,,,
,,,,,100万(含)-500万,0.50%,91天-2年,0.25%,,,
,,,,,500万(含)-1000万,0.10%,2年及以上,0.00%,,,
,,,,,1000万及以上,1000元 ,,,,,
161116,易方达黄金主题,股票型基金,中高风险,100,100万以下,1.00%,1年以内,0.20%,,,
,,,,,100万(含)-500万,0.60%,1年(含)-2年,0.05%,,,
,,,,,500万(含)-1000万,0.20%,2年及以上,0.00%,,,
,,,,,1000万及以上,1000元 ,,,,,
161118,易方达中小板指数,股票型基金,中风险,100,100万以下,1.20%,1年以内,0.20%,,,
,,,,,100万(含)-200万,0.80%,1年(含)-2年,0.05%,,,
,,,,,200万(含)-500万,0.40%,2年及以上,0.00%,,,
,,,,,500万及以上,1000元 ,,,"易方达基金管理有限公司
4008818088",,
000404,易方达新兴成长,混合型,中高风险,100,M＜100万,1.50%,0-6（天）,1.50%,,,
,,,,,100万≤M＜200万,1.20%,7-29（天）,0.75%,,,
,,,,,200万≤M＜500万,0.30%,30-89（天）,0.50%,,,
,,,,,M≥500万,1000元/笔,90-179（天）,0.50%,,,
,,,,,,,180-364（天）,0.50%,,,
,,,,,,,365-729（天）,0.25%,,,
,,,,,,,730（天）及以上,0.00%,,,
110017,易方达增强回报A,债券型,中低风险,100,M＜100万,0.80%,0天 – 364天,0.10%,,,
,,,,,100万≤M＜500万,0.40%,365天 – 729天,0.05%,,,
,,,,,500万≤M＜1000万,0.10%,730天及以上,0.00%,,,
,,,,,M≥1000万,1000元,,,,,
110018,易方达增强回报B,债券型,中低风险,100,,,,,,,
,,,,,,,,,,,
,,,,,,,,,,,
,,,,,,,,,,,
110007,易方达稳健收益A,债券型,中风险,100,,,0-29（天）,0.75%,,,
,,,,,,,30（天）及以上,0.00%,,,
110008,易方达稳健收益B,债券型,中风险,100,M＜100万,0.80%,0-29（天）,0.75%,,,
,,,,,100万≤M＜500万,0.30%,30（天）及以上,0.00%,,,
,,,,,500万≤M＜1000万,0.05%,,,,,
,,,,,M≥1000万,1000元,,,,,
161115,易方达基岁丰添利,债券型,中风险,100,M＜100万,0.80%,0天 – 364天,0.10%,,,
,,,,,100万≤M＜500万,0.40%,365天 – 729天,0.05%,,,
,,,,,500万≤M＜1000万,0.20%,730天及以上,0.00%,,,
,,,,,M≥1000万,1000元,,,,,
110027,易方达安心回报A,债券型,中风险,100,M＜100万,0.80%,0天 – 29天,0.75%,,,
,,,,,100万≤M＜500万,0.40%,30天 – 364天,0.10%,,,
,,,,,500万≤M＜1000万,0.10%,365天 – 729天,0.05%,,,
,,,,,M≥1000万,1000元,730天及以上,0.00%,,,
110028,易方达安心回报B,债券型,中风险,100,,,0天 – 29天,0.75%,,,
,,,,,,,30天及以上,0.00%,,,
001475,易方达国防军工,混合基金,高风险,100,M＜100万,1.50%,0-6天,1.50%,,,
,,,,,100万≤M＜200万,1.20%,7-29天,0.75%,,,
,,,,,200万≤M＜500万,0.30%,30-89天,0.50%,,,
,,,,,M≥500万,"1,000元/笔",90-179天,0.50%,,,
,,,,,,,180-364天,0.50%,,,
,,,,,,,365-729天,0.25%,,,
,,,,,,,730天及以上,0.00%,,,
001433,易方达瑞景,混合基金,高风险,100,M＜100万,1.50%,0-6天,1.50%,,,
,,,,,100万≤M＜200万,1.20%,7-29天,0.75%,,,
,,,,,200万≤M＜500万,0.30%,30-89天,0.50%,,,
,,,,,M≥500万,"1,000元/笔",90-179天,0.50%,,,
,,,,,,,180-364天,0.50%,,,
,,,,,,,365-729天,0.25%,,,
,,,,,,,730天及以上,0.00%,,,
000307,易方达黄金ETF联接,股票型,高风险,100,M＜100万（认购),0.50%,1年以内,0.20%,,,
,,,,,100万≤M＜500万（认购),0.20%,1年(含)-2年,0.05%,,,
,,,,,M≥500万（认购),1000元/笔,2年及以上,0.00%,,,
,,,,,M＜100万(申购）,0.70%,,,,,
,,,,,100万≤M＜200万(申购）,0.30%,,,,,
,,,,,200万≤M＜500万(申购）,0.10%,,,,,
,,,,,M≥500万(申购）,1000元/笔,,,,,
002969,易方达丰和债券投资型基金,债券型,中低风险,10,M＜100万（认购),0.80%,0-30天,0.75%,,,
,,,,,100万≤M＜200万（认购),0.50%,30天-1年,0.10%,"易方达基金管理有限公司
4008818088",,
,,,,,200万≤M＜500万(认购）,0.20%,1年-2年,0.05%,,,
,,,,,M≥500万（认购),1000元/笔,2年及以上,0.00%,,,
,,,,,M＜100万(申购）,1.00%,,,,,
,,,,,100万≤M＜200万(申购）,0.80%,,,,,
,,,,,200万≤M＜500万(申购）,0.40%,,,,,
,,,,,M≥500万(申购）,1000元/笔,,,,,
161125,易方达标普500指数（LOF）                 ,QDII基金,高风险,暂无,M＜100万（认购),1%,1年以内,0.50%,,,
,,,,,100万≤M＜200万（认购),0.60%,,,,,
,,,,,200万≤M＜500万(认购）,0.30%,,,,,
,,,,,M≥500万（认购),1000元/笔,1-2年,0.25%,,,
,,,,,M＜100万(申购）,1.20%,,,,,
,,,,,100万≤M＜200万(申购）,0.80%,,,,,
,,,,,200万≤M＜500万(申购）,0.50%,2年及以上,0%,,,
,,,,,M≥500万(申购）,1000元/笔,,,,,
161126,易方达标普医疗保健指数（LOF）,QDII基金,高风险,暂无,M＜100万（认购),1%,1年以内,0.50%,,,
,,,,,100万≤M＜200万（认购),0.60%,,,,,
,,,,,200万≤M＜500万(认购）,0.30%,,,,,
,,,,,M≥500万（认购),1000元/笔,1-2年,0.25%,,,
,,,,,M＜100万(申购）,1.20%,,,,,
,,,,,100万≤M＜200万(申购）,0.80%,,,,,
,,,,,200万≤M＜500万(申购）,0.50%,2年及以上,0%,,,
,,,,,M≥500万(申购）,1000元/笔,,,,,
161127,易方达标普生物科技（LOF）                 ,QDII基金,高风险,暂无,M＜100万（认购),1%,1年以内,0.50%,,,
,,,,,100万≤M＜200万（认购),0.60%,,,,,
,,,,,200万≤M＜500万(认购）,0.30%,,,,,
,,,,,M≥500万（认购),1000元/笔,1-2年,0.25%,,,
,,,,,M＜100万(申购）,1.20%,,,,,
,,,,,100万≤M＜200万(申购）,0.80%,,,,,
,,,,,200万≤M＜500万(申购）,0.50%,2年及以上,0%,,,
,,,,,M≥500万(申购）,1000元/笔,,,,,
161128,易方达标普信息科技指数（LOF）,QDII基金,高风险,暂无,M＜100万（认购),1%,1年以内,0.50%,,,
,,,,,100万≤M＜200万（认购),0.60%,,,,,
,,,,,200万≤M＜500万(认购）,0.30%,,,,,
,,,,,M≥500万（认购),1000元/笔,1-2年,0.25%,,,
,,,,,M＜100万(申购）,1.20%,,,,,
,,,,,100万≤M＜200万(申购）,0.80%,,,,,
,,,,,200万≤M＜500万(申购）,0.50%,2年及以上,0%,,,
,,,,,M≥500万(申购）,1000元/笔,,,,,
000193,国泰美房（QDII）,QDII基金,中高风险,100,50万以下,1.00%,1年以内,0.50%,"国泰基金管理有限公司
4008888688",,
,,,,,50万(含)-200万,0.70%,1年(含)-2年,0.25%,,,
,,,,,200万(含)-500万,0.30%,2年及以上,0.00%,,,
,,,,,500万及以上,1000元 ,,,,,
000199,国泰目标收益保本,混合基金,中低风险,100,100万以下,1.20%,1年以内,2.00%,,,
,,,,,100万(含)-300万,0.80%,1年(含)-2年,1.50%,,,
,,,,,300万(含)-500万,0.50%,2年(含)-3年,1.00%,,,
,,,,,500万及以上,1000元 ,3年及以上,0.00%,,,
020001,国泰金鹰增长,股票型基金,中风险,100,50万以下,1.50%,1年以内,0.50%,,,
,,,,,50万(含)-500万,1.00%,1年(含)-2年,0.20%,,,
,,,,,500万(含)-1000万,0.60%,2年及以上,0.00%,,,
,,,,,1000万及以上,1000元 ,,,,,
020003,国泰金龙行业,混合基金,中风险,100,50万以下,1.20%,1年以内,0.20%,,,
,,,,,50万(含)-200万,0.80%,1年(含)-2年,0.10%,,,
,,,,,200万(含)-500万,0.60%,2年及以上,0.00%,,,
,,,,,500万及以上,1000元 ,,,,,
020005,国泰金马稳健,混合基金,中风险,100,50万以下,1.50%,1年以内,0.50%,,,
,,,,,50万(含)-500万,1.00%,1年(含)-2年,0.20%,,,
,,,,,500万(含)-1000万,0.60%,2年及以上,0.00%,,,
,,,,,1000万及以上,1000元 ,,,,,
020009,国泰金鹏蓝筹价值,混合基金,中风险,100,50万以下,1.50%,1年以内,0.50%,,,
,,,,,50万(含)-200万,1.00%,1年(含)-2年,0.20%,,,
,,,,,200万(含)-500万,0.60%,2年及以上,0.00%,,,
,,,,,500万及以上,1000元 ,,,,,
020010,国泰金牛创新成长,股票型基金,中风险,100,100万以下,1.50%,1年以内,0.50%,,,
,,,,,100万(含)-500万,1.20%,1年(含)-2年,0.25%,,,
,,,,,500万(含)-1000万,0.80%,2年及以上,0.00%,,,
,,,,,1000万及以上,1000元 ,,,,,
020011,国泰沪深300指数,股票型基金,中风险,100,50万以下,1.50%,1年以内,0.50%,,,
,,,,,50万(含)-200万,1.20%,1年(含)-2年,0.20%,,,
,,,,,200万(含)-500万,1.00%,2年及以上,0.00%,,,
,,,,,500万及以上,1000元 ,,,,,
020015,国泰区位优势,股票型基金,中风险,100,50万以下,1.50%,1年以内,0.50%,,,
,,,,,50万(含)-200万,1.20%,1年(含)-2年,0.20%,,,
,,,,,200万(含)-500万,0.80%,2年及以上,0.00%,,,
,,,,,500万及以上,1000元 ,,,,,
020018,国泰金鹿保本,保本型基金,中低风险,100,50万以下,1.20%,6个月以内,1.80%,,,
,,,,,50万(含)-200万,0.80%,6个月(含)-2年,1.00%,,,
,,,,,200万(含)-500万,0.40%,保本到期日,0.00%,,,
,,,,,500万及以上,1000元 ,,,,,
020019,国泰双利债券A,债券型基金,中风险,100,50万以下,1.00%,1年以内,0.10%,,,
,,,,,50万(含)-200万,0.80%,1年(含)-2年,0.05%,,,
,,,,,200万(含)-500万,0.50%,2年及以上,0.00%,,,
,,,,,500万及以上,1000元 ,,,,,
020020,国泰双利债券C,债券型基金,中风险,100,,0.00%,30天以内,0.10%,,,
,,,,,,,30天（含）及以上,0.00%,,,
020021,国泰上证180金融ETF联接,股票型基金,中高风险,100,100万以下,1.20%,1年以内,0.50%,,,
,,,,,100万(含)-300万,0.80%,1年(含)-2年,0.25%,,,
,,,,,300万(含)-500万,0.40%,2年及以上,0.00%,,,
,,,,,500万及以上,1000元 ,,,,,
020022,国泰保本混合,保本型基金,低风险,100,100万以下,1.20%,1年以内,2.00%,,,
,,,,,100万(含)-500万,0.80%,1年(含)-2年,1.50%,,,
,,,,,500万(含)-1000万,0.40%,2年(含)-3年,1.00%,,,
,,,,,1000万及以上,1000元 ,3年及以上,0.00%,,,
020023,国泰事件驱动,股票型基金,中风险,100,50万以下,1.50%,1年以内,0.50%,,,
,,,,,50万(含)-200万,1.20%,1年(含)-2年,0.20%,,,
,,,,,200万(含)-500万,0.80%,2年及以上,0.00%,,,
,,,,,500万及以上,1000元 ,,,,,
020025,国泰中小板300成长ETF联接,股票型基金,中高风险,100,50万以下,1.00%,1年以内,0.50%,,,
,,,,,50万(含)-100万,0.60%,1年(含)-2年,0.25%,,,
,,,,,100万及以上,1000元 ,2年及以上,0.00%,,,
020026,国泰成长优选,股票型基金,中风险,100,50万以下,1.50%,1年以内,0.50%,,,
,,,,,50万(含)-200万,1.20%,1年(含)-2年,0.20%,,,
,,,,,200万(含)-500万,0.80%,2年及以上,0.00%,,,
,,,,,500万及以上,1000元 ,,,,,
020031,国泰现金管理A,货币基金,中风险,100,,0%,,0.00%,,,
020032,国泰现金管理B,货币基金,中风险,100,,0%,,0.00%,,,
160211,国泰中小盘成长,股票型基金,中风险,100,50万以下,1.50%,,0.50%,,,
,,,,,50万(含)-100万,1.20%,,,,,
,,,,,100万(含)-200万,1.00%,,,,,
,,,,,200万(含)-500万,0.60%,,,"国泰基金管理有限公司
4008888688",,
,,,,,500万及以上,1000元 ,,,,,
003593,国泰景气灵活配置,混合基金,中风险,100,100万以下（认购）,1.20%,0-7日,1.50%,,,
,,,,,100万(含)-200万（认购）,0.80%,7-30日,0.75%,,,
,,,,,200万(含)-500万(认购）,0.40%,,,,,
,,,,,500万及以上(认购）,0%,30日-180日,0.50%,,,
,,,,,100万以下（申购）,1.50%,,,,,
,,,,,100万(含)-200万（申购）,1.00%,180日及以上,0.00%,,,
,,,,,200万(含)-500万（申购）,0.60%,,,,,
,,,,,500万及以上（申购）,0%,,,,,
160212,国泰估值,股票型基金,中高风险,100,100万以下,1.50%,,0.50%,,,
,,,,,100万(含)-500万,1.20%,,,,,
,,,,,500万(含)-1000万,0.80%,,,,,
,,,,,1000万及以上,1000元 ,,,,,
160213,国泰纳斯达克100,QDII基金,中风险,100,50万以下,1.50%,1年以内,0.50%,,,
,,,,,50万(含)-200万,1.20%,1年(含)-2年,0.25%,,,
,,,,,200万(含)-500万,0.80%,2年及以上,0.00%,,,
,,,,,500万及以上,1000元 ,,,,,
160215,国泰价值经典,股票型基金,中高风险,100,50万以下,1.50%,1年以内,0.50%,,,
,,,,,50万(含)-200万,1.20%,1年(含)-2年,0.20%,,,
,,,,,200万(含)-500万,0.80%,2年及以上,0.00%,,,
,,,,,500万及以上,1000元 ,,,,,
160216,国泰大宗商品,QDII基金,中高风险,100,50万以下,1.50%,1年以内,0.50%,,,
,,,,,50万(含)-200万,1.20%,1年(含)-2年,0.25%,,,
,,,,,200万(含)-500万,0.80%,2年及以上,0.00%,,,
,,,,,500万及以上,1000元 ,,,,,
160218,国泰国证房地产,股票型基金,中高风险,100,50万以下,1.00%,1年以内,0.50%,,,
,,,,,50万(含)-100万,0.60%,1年(含)-2年,0.25%,,,
,,,,,100万及以上,1000元 ,2年及以上,0.00%,,,
519020,国泰金泰平衡,混合基金,中高风险,100,50万以下,1.50%,1年以内,0.50%,,,
,,,,,50万(含)-200万,1.20%,1年(含)-2年,0.20%,,,
,,,,,200万(含)-500万,0.80%,2年及以上,0.00%,,,
,,,,,500万及以上,1000元 ,,,,,
519021,国泰金鼎价值,混合基金,中风险,100,50万以下,1.50%,1年以内,0.50%,,,
,,,,,50万(含)-200万,1.00%,1年(含)-2年,0.20%,,,
,,,,,200万(含)-500万,0.60%,2年及以上,0.00%,,,
,,,,,500万及以上,1000元 ,,,,,
001576,国泰智能装备股票,股票型,高风险,暂无,100万以下（认购）,1.20%,0-7天,1.50%,,,
,,,,,100万(含)-300万（认购）,1.00%,7(含）--30天,0.75%,,,
,,,,,300万(含)-500万（认购）,0.60%,30（含）--180天,0.50%,,,
,,,,,500万及以上（认购）,1000元,180（含）天--365天,0.10%,,,
,,,,,100万以下,1.50%,365（含）天--730天,0.05%,,,
,,,,,100万(含)-300万,1.20%,730天及以上,0.00%,,,
,,,,,300万(含)-500万,0.80%,,,,,
,,,,,500万及以上,1000元,,,,,
001790,国泰智能汽车股票,股票型,高风险,暂无,100万以下（认购）,1.20%,0-7天,1.50%,,,
,,,,,100万(含)-300万（认购）,1.00%,7(含）--30天,0.75%,,,
,,,,,300万(含)-500万（认购）,0.60%,30（含）--180天,0.50%,,,
,,,,,500万及以上（认购）,1000元,180（含）天--365天,0.10%,,,
,,,,,100万以下,1.50%,365（含）天--730天,0.05%,,,
,,,,,100万(含)-300万,1.20%,730天及以上,0.00%,,,
,,,,,300万(含)-500万,0.80%,,,,,
,,,,,500万及以上,1000元,,,,,
000244,天弘稳利A,债券型基金,中风险,暂无,100万以下,0.60%,,0.00%,天弘基金管理有限公司4007109999,,
,,,,,100万(含)-300万,0.40%,,,,,
,,,,,300万(含)-500万,0.20%,,,,,
,,,,,500万及以上,1000元 ,,,,,
000245,天弘稳利B,债券型基金,中风险,暂无,,0%,,0.00%,,,
420001,天弘精选,混合基金,中高风险,100,100万以下,1.50%,1年以内,0.50%,,,
,,,,,100万(含)-500万,1.20%,1年(含)-2年,0.25%,,,
,,,,,500万(含)-1000万,0.70%,2年及以上,0.00%,,,
,,,,,1000万及以上,1000元 ,,,,,
420002,天弘永利债券A,债券型基金,中风险,100,,0%,,0.00%,,,
420102,天弘永利债券B,债券型基金,中风险,100,100万以下,0.80%,90天以内,0.10%,,,
,,,,,100万(含)-500万,0.40%,90天及以上,0.00%,,,
,,,,,500万及以上,1000元 ,,,,,
420003,天弘永定成长,股票型基金,中高风险,100,50万以下,1.50%,1年以内,0.50%,,,
,,,,,50万(含)-500万,1.00%,1年(含)-2年,0.25%,,,
,,,,,500万(含)-1000万,0.80%,2年及以上,0.00%,,,
,,,,,1000万及以上,1000元 ,,,,,
420005,天弘周期策略,股票型基金,中高风险,100,50万以下,1.50%,1年以内,0.50%,,,
,,,,,50万(含)-500万,1.00%,1年(含)-2年,0.25%,,,
,,,,,500万(含)-1000万,0.30%,2年及以上,0.00%,,,
,,,,,1000万及以上,1000元 ,,,,,
420006,天弘现金A,货币基金,中低风险,100 ,,0%,,0.00%,,,
420106,天弘现金B,货币基金,中低风险,100 ,,0%,,0.00%,,,
420008,天弘债券型发起式A,债券型基金,中风险,100,100万以下,0.80%,1年以内,0.10%,,,
,,,,,100万(含)-500万,0.60%,1年(含)-2年,0.05%,,,
,,,,,500万及以上,1000元 ,2年及以上,0.00%,,,
420108,天弘债券型发起式B,债券型基金,中风险,100,,0%,30天以内,0.10%,,,
,,,,,,,30天及以上,0.00%,,,
420009,天弘安康养老,混合基金,中风险,100,100万以下,1.00%,1年以内,0.10%,,,
,,,,,100万(含)-500万,0.60%,1年(含)-2年,0.80%,,,
,,,,,500万及以上,1000元 ,2年(含)-3年,0.60%,,,
,,,,,,,3年(含)-4年,0.40%,,,
,,,,,,,4年(含)-5年,0.20%,,,
,,,,,,,5年及以上,0.00%,,,
164205,天弘深证成指,股票型基金,中高风险,100,100万以下,1.20%,1年以内,0.50%,,,
,,,,,100万(含)-500万,0.70%,1年(含)-2年,0.25%,,,
,,,,,500万及以上,1000元 ,2年及以上,0.00%,,,
164207,天弘添利A,债券型基金,中低风险,暂无,,0%,持有一个开放周期,0.10%,,,
,,,,,,,持有一个开放周期以上,0.00%,,,
164209,天弘丰利分级A,债券型基金,中低风险,暂无,,0%,,0.00%,,,
590001,中邮核心优选,股票型基金,中风险,100,100万以下,1.50%,1年以内,0.50%,"中邮创业基金管理有限公司
4008801618",,
,,,,,100万(含)-200万,1.20%,1年(含)-2年,0.25%,,,
,,,,,200万(含)-500万,0.80%,2年及以上,0.00%,,,
,,,,,500万及以上,1000元 ,,,,,
590002,中邮核心成长,股票型基金,中高风险,100,100万以下,1.50%,1年以内,0.50%,,,
,,,,,100万(含)-200万,1.20%,1年(含)-2年,0.25%,,,
,,,,,200万(含)-500万,0.80%,2年及以上,0.00%,,,
,,,,,500万及以上,1000元 ,,,,,
590003,中邮核心优势,混合基金,中风险,100,100万以下,1.50%,1年以内,0.50%,,,
,,,,,100万(含)-200万,1.20%,1年(含)-2年,0.25%,,,
,,,,,200万(含)-500万,0.80%,2年及以上,0.00%,,,
,,,,,500万及以上,1000元 ,,,,,
590005,中邮核心主题,股票型基金,中风险,100,100万以下,1.50%,1年以内,0.50%,,,
,,,,,100万(含)-200万,1.20%,1年(含)-2年,0.25%,,,
,,,,,200万(含)-500万,0.80%,2年及以上,0.00%,,,
,,,,,500万及以上,1000元 ,,,,,
590006,中邮中小盘,混合基金,中风险,100,100万以下,1.50%,1年以内,0.50%,,,
,,,,,100万(含)-200万,1.20%,1年(含)-2年,0.25%,,,
,,,,,200万(含)-500万,0.80%,2年及以上,0.00%,,,
,,,,,500万及以上,1000元 ,,,,,
590007,中邮上证380,股票型基金,中高风险,100,100万以下,1.20%,1年以内,0.50%,,,
,,,,,100万(含)-200万,0.80%,1年(含)-2年,0.25%,,,
,,,,,200万(含)-500万,0.30%,2年及以上,0.00%,,,
,,,,,500万及以上,1000元 ,,,,,
590008,中邮战略新兴产业,股票型基金,中风险,100,50万以下,1.50%,1年以内,0.50%,,,
,,,,,50万(含)-200万,1.00%,1年(含)-2年,0.25%,,,
,,,,,200万(含)-500万,0.50%,2年及以上,0.00%,,,
,,,,,500万及以上,1000元 ,,,,,
590009,中邮稳债A,债券型基金,中低风险,100,100万以下,0.80%,0-29天,0.75%,,,
,,,,,100万(含)-200万,0.50%,30-364天,0.10%,,,
,,,,,200万(含)-500万,0.30%,365-729天,0.05%,,,
,,,,,500万及以上,1000元 ,730天及以上,0.00%,,,
590010,中邮稳债C,债券型基金,中低风险,100,,0%,0-29天,0.75%,,,
,,,,,,,30天及以上,0.00%,,,
000530,招商丰盛稳定增长灵活配置,混合型,高风险,100,100万以下,1.50%,0-7日,1.50%,招商基金管理有限公司4008879555,,
,,,,,100万(含)-200万,1.00%,7-30日,0.75%,,,
,,,,,200万(含)-500万,0.60%,30日-1年,0.50%,,,
,,,,,500万及以上,1000元 ,1-2年,0.25%,,,
,,,,,,,2年及以上,0.00%,,,
000746,招商行业精选,股票型,高风险,100,100万以下,1.50%,0-7日,1.50%,,,
,,,,,100万(含)-200万,1.00%,7-30日,0.75%,,,
,,,,,200万(含)-500万,0.60%,30日-1年,0.50%,,,
,,,,,500万及以上,1000元 ,1-2年,0.25%,,,
,,,,,,,2年及以上,0.00%,,,
000960,招商医药健康产业,股票型,高风险,100,100万以下,1.50%,0-7日,1.50%,,,
,,,,,100万(含)-200万,1.00%,7-30日,0.75%,,,
,,,,,200万(含)-500万,0.60%,30日-1年,0.50%,,,
,,,,,500万及以上,1000元 ,1-2年,0.25%,,,
,,,,,,,2年及以上,0.00%,,,
001403,招商国企改革主题,混合型,中高风险,100,100万以下,1.50%,0-7日,1.50%,,,
,,,,,100万(含)-200万,1.00%,7-30日,0.75%,,,
,,,,,200万(含)-500万,0.60%,30日-1年,0.50%,,,
,,,,,500万及以上,1000元 ,1-2年,0.25%,,,
,,,,,,,2年及以上,0.00%,,,
001404,招商移动互联网产业,股票型,中高风险,100,100万以下,1.50%,0-7日,1.50%,,,
,,,,,100万(含)-200万,1.00%,7-30日,0.75%,,,
,,,,,200万(含)-500万,0.60%,30日-1年,0.50%,,,
,,,,,500万及以上,1000元 ,1-2年,0.25%,,,
,,,,,,,2年及以上,0.00%,,,
217010,招商大盘蓝筹,混合型,中高风险,100,100万以下,1.50%,1年以内,0.50%,,,
,,,,,100万(含)-500万,1.00%,1-2年,0.25%,,,
,,,,,500万(含)-1000万,0.30%,2年及以上,0.00%,,,
,,,,,1000万及以上,1000元,,,,,
217013,招商中小盘精选,混合型,中高风险,100,100万以下,1.50%,1年以内,0.50%,,,
,,,,,100万(含)-500万,1.00%,1-2年,0.25%,,,
,,,,,500万(含)-1000万,0.30%,2年及以上,0.00%,,,
,,,,,1000万及以上,1000元,,,,,
217012,招商行业领先,混合型,中高风险,100,50万以内,1.50%,1年以内,0.50%,,,
,,,,,50万(含)-200万,1.20%,1-2年,0.25%,,,
,,,,,200万(含)-500万,0.80%,2年及以上,0.00%,,,
,,,,,500万及以上,1000元,,,,,
217008,招商安本增利,债券型,中低风险,100,,0%,,0.00%,,,
217018,招商安瑞进取,债券型,中低风险,100,100万以下,0.80%,1年以内,0.10%,,,
,,,,,100万(含)-500万,0.50%,1-2年,0.05%,,,
,,,,,500万(含)-1000万,0.20%,2年及以上,0.00%,,,
,,,,,1000万及以上,1000元,,,,,
000126,招商安润保本,混合型,中高风险,100,100万以下,1.50%,1年以内,2.00%,,,
,,,,,100万(含)-500万,0.80%,1-2年,1.60%,,,
,,,,,500万(含)-1000万,0.60%,2-3年,1.20%,,,
,,,,,1000万及以上,1000元,3年及以上,0.00%,,,
217001,招商安泰偏股,混合型,中高风险,100,50万以内,1.50%,1年以内,0.10%,,,
,,,,,50万(含)-200万,1.20%,1年及以上,0.00%,,,
,,,,,200万(含)-500万,0.60%,,,,,
,,,,,500万及以上,500元,,,,,
217002,招商安泰平衡,混合型,中风险,100,50万以内,1.50%,1年以内,0.10%,,,
,,,,,50万(含)-200万,1.20%,1年及以上,0.00%,,,
,,,,,200万(含)-500万,0.60%,,,,,
,,,,,500万及以上,500元,,,,,
217024,招商安盈保本,混合型,中高风险,100,100万以下,1.20%,1年以内,2.00%,,,
,,,,,100万(含)-500万,0.80%,1-2年,1.60%,,,
,,,,,500万(含)-1000万,0.40%,2-3年,1.20%,,,
,,,,,1000万及以上,1000元,3年及以上,0.00%,,,
000679,招商丰利灵活配置,混合型,中风险,100,100万以内,1.50%,0-7日,1.50%,,,
,,,,,100万-200万,1.00%,7-30日,0.75%,,,
,,,,,200万-500万,0.60%,30日-1年,0.50%,,,
,,,,,500万及以上,1000元,1-2年,0.25%,,,
,,,,,,,2年及以上,0.00%,,,
161706,招商优质成长,混合型,中高风险,100,50万以内,1.50%,1年以内,0.50%,,,
,,,,,50万(含)-200万,1.20%,1-2年,0.25%,,,
,,,,,200万(含)-500万,0.60%,2年及以上,0.00%,,,
,,,,,500万及以上,500元,,,,,
217023,招商信用增强,债券型,中低风险,100,100万以下,0.80%,12个月以内,1.50%,,,
,,,,,100万(含)-500万,0.50%,12-18个月内,1.00%,,,
,,,,,500万(含)-1000万,0.20%,18-24个月内,0.50%,,,
,,,,,1000万及以上,1000元,24个月及以上,0.00%,,,
217021,招商优势企业灵活配置,混合型,中高风险,100,100万以下,1.50%,1年以内,0.50%,,,
,,,,,100万(含)-500万,1.00%,1-2年,0.25%,,,
,,,,,500万(含)-1000万,0.30%,2年及以上,0.00%,,,
,,,,,1000万及以上,1000元,,,,,
161727,招商增荣混合（LOF）,混合型,高风险,暂无,100万以下（认购）,1.20%,0-7日,1.50%,,,
,,,,,100万(含)-200万（认购）,0.80%,7-30日,0.75%,,,
,,,,,200万(含)-500万(认购）,0.50%,30日-1年,0.50%,,,
,,,,,500万及以上(认购）,500元/笔,1-2年,0.25%,,,
,,,,,100万以下（申购）,1.50%,2年及以上,0.00%,,,
,,,,,100万(含)-200万（申购）,1%,,,,,
,,,,,200万(含)-500万(申购）,0.60%,,,,,
,,,,,500万及以上(申购）,1000元/笔,,,,,
002215,招商招益一年定期,债券型,中低风险,100,,0%,0,0.00%,,,
001496,工银瑞信聚焦30,股票型,高风险,10,100万以下,1.50%,0-7日,1.50%,工银瑞信基金管理有限公司4008119999,,
,,,,,100万(含)-300万,1.00%,7-30日,0.75%,,,
,,,,,300万(含)-500万,0.80%,30日-1年,0.50%,,,
,,,,,500万及以上,1000元/笔,1-2年,0.30%,,,
,,,,,,,2年及以上,0.00%,,,
000263,工银瑞信信息产业,混合型,高风险,10,100万以下,1.50%,0-1年,0.50%,,,
,,,,,100万(含)-300万,1.00%,1-2年,0.25%,,,
,,,,,300万(含)-500万,0.80%,2年及以上,0.00%,,,
,,,,,500万及以上,1000元/笔,,,,,
000251,工银金融地产行业,混合型,高风险,10,100万以下,1.50%,0-1年,0.50%,,,
,,,,,100万(含)-300万,1.00%,1-2年,0.25%,,,
,,,,,300万(含)-500万,0.80%,2年及以上,0.00%,,,
,,,,,500万及以上,1000元/笔,,,,,
481015,工银主题策略,混合型,中高风险,10,100万以下,1.50%,0-1年,0.50%,,,
,,,,,100万(含)-300万,1.00%,1-2年,0.25%,,,
,,,,,300万(含)-500万,0.80%,2年及以上,0.00%,,,
,,,,,500万及以上,1000元/笔,,,,,
481001,工银核心价值,混合型,中高风险,10,100万以下,1.50%,0-1年,0.50%,,,
,,,,,100万(含)-300万,1.00%,1-2年,0.25%,,,
,,,,,300万(含)-500万,0.80%,2年及以上,0.00%,,,
,,,,,500万及以上,1000元/笔,,,,,
001158,工银新材料新能源行业,股票型,高风险,10,100万以下,1.50%,0-7日,1.50%,,,
,,,,,100万(含)-300万,1.00%,7-30日,0.75%,工银瑞信基金管理有限公司4008119999,,
,,,,,300万(含)-500万,0.80%,30日-1年,0.50%,,,
,,,,,500万及以上,1000元/笔,1-2年,0.30%,,,
,,,,,,,2年及以上,0.00%,,,
164809,工银瑞信中证500指数分级,股票型,高风险,10,100万以下,1.20%,0-1年,0.50%,,,
,,,,,100万(含)-300万,0.80%,1-2年,0.25%,,,
,,,,,300万(含)-500万,0.40%,2年及以上,0.00%,,,
,,,,,500万及以上,1000元/笔,,,,,
481009,工银沪深300指数,股票型,高风险,10,100万以下,1.20%,0-1年,0.50%,,,
,,,,,100万(含)-300万,0.80%,1-2年,0.25%,,,
,,,,,300万(含)-500万,0.40%,2年及以上,0.00%,,,
,,,,,500万及以上,1000元/笔,,,,,
483003,工银精选平衡,混合型,中高风险,10,100万以下,1.50%,0-1年,0.50%,,,
,,,,,100万(含)-300万,1.00%,1-2年,0.25%,,,
,,,,,300万(含)-500万,0.80%,2年及以上,0.00%,工银瑞信基金管理有限公司4008119999,,
,,,,,500万及以上,1000元/笔,,,,,
001054,工银新金融,股票型,高风险,10,100万以下,1.50%,0-7日,1.50%,,,
,,,,,100万(含)-300万,1.00%,7-30日,0.75%,,,
,,,,,300万(含)-500万,0.80%,30日-1年,0.50%,,,
,,,,,500万及以上,1000元/笔,1-2年,0.30%,,,
,,,,,,,2年及以上,0.00%,,,
001008,工银国企改革,股票型,高风险,10,100万以下,1.50%,1-30日,1.50%,,,
,,,,,100万(含)-300万,1.00%,30日-1年,0.50%,,,
,,,,,300万(含)-500万,0.80%,1-2年,0.30%,,,
,,,,,500万及以上,1000元/笔,2年及以上,0.00%,,,
000991,工银战略转型,股票型,高风险,10,100万以下,1.50%,0-7日,1.50%,,,
,,,,,100万(含)-300万,1.00%,7-30日,0.75%,,,
,,,,,300万(含)-500万,0.80%,30日-1年,0.50%,,,
,,,,,500万及以上,1000元/笔,1-2年,0.30%,,,
,,,,,,,2年及以上,0.00%,,,
000763,工银新财富灵活配置,混合型,中高风险,10,100万以下,1.50%,0-7日,1.50%,,,
,,,,,100万(含)-300万,1.00%,7-30日,0.75%,,,
,,,,,300万(含)-500万,0.80%,30日-1年,0.50%,,,
,,,,,500万及以上,1000元/笔,1-2年,0.30%,,,
,,,,,,,2年及以上,0.00%,,,
000667,工银绝对收益策略,混合型,中高风险,10,100万以下,1.50%,0-7日,1.50%,,,
,,,,,100万(含)-300万,1.00%,7-30日,0.75%,,,
,,,,,300万(含)-500万,0.80%,30日-1年,0.50%,,,
,,,,,500万及以上,1000元/笔,1-2年,0.30%,,,
,,,,,,,2年及以上,0.00%,,,
485114,工银添颐债券A,债券型,中风险,10,,0.00%,0-7日,1.50%,,,
,,,,,,,7-30日,1.25%,,,
,,,,,,,30日-180日,1.00%,,,
,,,,,,,180日-1年,0.80%,,,
,,,,,,,1-2年,0.60%,工银瑞信基金管理有限公司4008119999,,
,,,,,,,2-4年,0.40%,,,
,,,,,,,4年及以上,0.20%,,,
000793,工银高端制造行业,股票型,高风险,10,100万以下,1.50%,0-7日,1.50%,,,
,,,,,100万(含)-300万,1.00%,7-30日,0.75%,,,
,,,,,300万(含)-500万,0.80%,30日-1年,0.50%,,,
,,,,,500万及以上,1000元/笔,1-2年,0.30%,,,
,,,,,,,2年及以上,0.00%,,,
485107,工银添利债券A,债券型,中风险,10,100万以下,0.80%,0-7日,1.50%,,,
,,,,,100万(含)-300万,0.50%,7-30日,0.75%,,,
,,,,,300万(含)-500万,0.30%,30日-1年,0.10%,,,
,,,,,500万及以上,1000元/笔,1-2年,0.05%,,,
,,,,,,,2年及以上,0.00%,,,
481010,工银中小成长,混合型,高风险,10,100万以下,1.50%,0-1年,0.50%,,,
,,,,,100万(含)-300万,1.00%,1-2年,0.25%,,,
,,,,,300万(含)-500万,0.80%,2年及以上,0.00%,,,
,,,,,500万及以上,1000元/笔,,,,,
000893,工银创新动力,股票型,高风险,10,100万以下,1.50%,0-30日,1.50%,,,
,,,,,100万(含)-300万,1.00%,30日-1年,0.50%,,,
,,,,,300万(含)-500万,0.80%,1-2年,0.30%,,,
,,,,,500万及以上,1000元/笔,2年及以上,0.00%,,,
000831,工银医疗保健行业,股票型,高风险,10,100万以下,1.50%,0-7日,1.50%,,,
,,,,,100万(含)-300万,1.00%,7-30日,0.75%,,,
,,,,,300万(含)-500万,0.80%,30日-1年,0.50%,,,
,,,,,500万及以上,1000元/笔,1-2年,0.25%,,,
,,,,,,,2年及以上,0.00%,,,
164823,工银瑞信深证成份指数,股票型,高风险,无,100万以下,1.00%,1年以内,0.50%,,,
,,,,,100万(含)-300万,0.80%,,,,,
,,,,,300万(含)-500万,0.60%,,,,,
,,,,,500万及以上,1000元/笔,1年至2年,0.25%,,,
,,,,,100万以下（申购）,1.20%,,,,,
,,,,,100万(含)-300万（申购）,1.00%,2年以上,0.00%,,,
,,,,,300万(含)-500万（申购）,0.80%,,,,,
,,,,,500万及以上（申购）,1000元/笔,,,,,
005197,工银瑞信沪港深混合A,混合型,中高风险,无,M＜100万认购,1.20%,Y＜7天,1.50%,,,
,,,,,100万≤M＜300万认购,0.80%,7天≤Y＜30天,0.75%,,,
,,,,,300万≤M＜500万认购,0.60%,30天≤Y＜1年,0.50%,,,
,,,,,500万≤M认购,"1,000元/笔",1年≤Y＜2年,0.30%,,,
,,,,,M＜100万申购,1.50%,Y≥2年,0.00%,,,
,,,,,100万≤M＜300万申购,1.00%,,,,,
,,,,,300万≤M＜500万申购,0.80%,,,,,
,,,,,500万≤M申购,"1,000元/笔",,,,,
005198,工银瑞信沪港深混合C,混合型,中高风险,无,不收费,,Y＜7天,1.50%,,,
,,,,,,,7天≤Y＜30天,0.50%,,,
,,,,,,,30天≤Y,0.00%,,,
519183,万家双引擎灵活配置混合型,混合型,中风险,500,100万以下,1.50%,0-7日,1.50%,万家基金管理有限公司4008880800,,
,,,,,100万(含)-500万,1.20%,7-30日,0.75%,,,
,,,,,500万及以上,1000元/笔,30日-180日,0.50%,,,
,,,,,,,180日-2年,0.0625%,,,
,,,,,,,2年及以上,0.00%,,,
519186,万家稳健增利A类,债券型,中低风险,100,100万以下,0.80%,0-30日,0.10%,,,
,,,,,100万(含)-500万,0.40%,30日及以上,0.00%,,,
,,,,,500万（含）-1000万,0.20%,,,,,
,,,,,1000万及以上,1000元/笔,,,,,
519188,万家信用恒利A类,债券型,中低风险,100,50万以下,0.80%,0-1年,0.10%,,,
,,,,,50万(含)-200万,0.50%,1年-2年,0.05%,,,
,,,,,200万（含）-500万,0.30%,2年及以上,0.00%,,,
,,,,,500万及以上,1000元/笔,,,,,
519189,万家信用恒利C类,债券型,中低风险,100,无,不收费,0-30日,0.10%,,,
,,,,,,,30日及以上,0.00%,,,
001708,东兴改革精选灵活配置,混合型,中高风险,100,100万以下,1.50%,0-7日,1.50%,东兴证券股份有限公司4008888993,,
,,,,,100万（含）-200万元,1.20%,7-30日,0.75%,,,
,,,,,200万（含）-500万元,0.80%,30日-1年,0.50%,,,
,,,,,500万及以上,1000元/笔,1年-2年,0.25%,,,
,,,,,,,2年及以上,0.00%,,,
003588,东吴增鑫宝A类,货币型,低风险,暂无,,无,,无,东吴基金管理有限公司4008210588,,
003589,东吴增鑫宝B类,货币型,低风险,暂无,,无,,无,,,
001897,九泰久盛量化先锋灵活配置,混合型,中高风险,0.01,100万以下,1.50%,0-7日,1.50%,九泰基金管理有限公司4006280606,,
,,,,,100万（含）-300万元,1.00%,7-30日,0.75%,,,
,,,,,300万（含）-500万元,0.50%,30日-1年,0.50%,,,
,,,,,500万及以上,1000元/笔,1年-2年,0.25%,,,
,,,,,,,2年及以上,0.00%,,,
168108,九泰锐诚定增混合,混合型,高风险,暂无,50万以下（认购）,1.20%,0-7日,1.50%,,,
,,,,,50万（含）-100万元（认购）,0.80%,7-30日,0.75%,,,
,,,,,100万（含）-500万元（认购）,0.40%,30日-1年,0.50%,,,
,,,,,500万及以上（认购）,1000元/笔,1年-2年,0.25%,,,
,,,,,,,2年及以上,0.00%,,,
,,,,,50万以下（申购）,1.50%,,,,,
,,,,,50万（含）-100万元（申购）,1.00%,,,,,
,,,,,100万（含）-500万元（申购）,0.50%,,,,,
,,,,,500万及以上（申购）,1000元/笔,,,,,
,,,,,,,,,,,
000412,国开岁月鎏金信用债A类,债券型,中风险,暂无,100万以下,0.80%,在同一个开放期内申购后又赎回的份额,2.00%,国开泰富基金管理有限责任公司     010-59363299,,
,,,,,100万(含)-200万,0.50%,,,,,
,,,,,200万(含)-500万,0.30%,认购或在某一开放期申购并在下一个及之后的开放期赎回的份额,0.00%,,,
,,,,,500万及以上,1000元/笔,,,,,
000413,国开岁月鎏金信用债C类,债券型,中风险,暂无,无,不收费,在同一个开放期内申购后又赎回的份额,2.00%,,,
,,,,,,,,,,,
,,,,,,,认购或在某一开放期申购并在下一个及之后的开放期赎回的份额,0.00%,,,
,,,,,,,,,,,
000901,国开货币A,货币型,中低风险,100,无,不收费,无,无,,,
,,,,,,,,,,,
000902,国开货币B,货币型,中低风险,100,无,不收费,无,无,,,
,,,,,,,,,,,
003762,国开泰富开泰灵活A,混合型,中高风险,10,100万以下,1.50%,0-7日,1.50%,,,
,,,,,100万(含)-200万,1.20%,7-30日,0.75%,,,
,,,,,200万(含)-500万,0.60%,30日-1年,0.50%,,,
,,,,,500万及以上,1000元/笔,1年-2年,0.25%,,,
,,,,,,,2年及以上,0.00%,,,
003763,国开泰富开泰灵活C,混合型,中高风险,10,无,不收费,0-30天,0.50%,,,
,,,,,,,,,,,
,,,,,,,30天及以上,0.00%,,,
,,,,,,,,,,,
004214,方正富邦鑫利宝货币A,货币型,中低风险,100,无,不收费,无,无,方正富邦基金管理有限公司4008180990,,
,,,,,,,,,,,
004215,方正富邦鑫利宝货币B,货币型,中低风险,100,无,不收费,无,无,,,
,,,,,,,,,,,
003787,方正富邦惠利纯债A,债券型,中低风险,100,100万以下,0.80%,1年以下,0.10%,,,
,,,,,100万(含)-300万,0.50%,1-2年,0.05%,,,
,,,,,300万(含)-500万,0.30%,2年及以上,0.00%,,,
,,,,,500万及以上,1000元/笔,,,,,
,,,,,,,,,,,
003788,方正富邦惠利纯债C,债券型,中低风险,100,无,不收费,0-30天,0.20%,,,
,,,,,,,,,,,
,,,,,,,30天及以上,0.00%,,,
,,,,,,,,,,,
003125,中科沃土沃鑫成长精选,混合型,中高风险,100,100万以下,1.50%,0-7日,1.50%,中科沃土基金管理有限公司020-23388993,,
,,,,,100万（含）-500万,1%,7-30日,0.75%,,,
,,,,,500万（含）-1000万,0.80%,30日-1年,0.50%,,,
,,,,,1000万及以上,1000元/笔,1年-2年,0.25%,,,
,,,,,,,2年及以上,0.00%,,,
备注：,,,,,,,,,,,
1、基金产品定时定额开通状况及起点金额以基金公司最新公告为准；,,,,,,,,,,,
2、基金产品类型、风险等级根据我行标准进行评级；,,,,,,,,,,,
3、上述代销产品由相关基金公司发行与管理，代销机构不承担产品的投资、兑付和风险管理责任；,,,,,,,,,,,
4、更新日期：2017年05月31日。,,,,,,,,,,,
